,site,species,individual,start_end,age,aborted_ovule_count,accessory_costs,accessory_costs_using_seedweight,accessory_inv,all_leaf_and_repro_inv,all_leaf_inv,choosiness,cone_count,count_per_length,diameter,diameter_0,discarded_costs,discarded_inv,embryo_endo_costs,embryo_endo_inv,embryo_endo_size,flower_inv,fruit_costs,fruit_inv,gross_inv,growth_height,growth_inv,growth_leaf,growth_leaf_area,growth_leaf_neg,growth_leaf_pos,growth_leaf_prop_no_accessory,growth_shoot_length,growth_stem,growth_stem_area,growth_stem_diameter,height,height_0,inflorescence_count,leaf_area,leaf_area_0,leaf_inv_gross,leaf_replacement,leaf_repro_inv,leaf_shed,leaf_size,leaf_weight,leaf_weight_0,lifespan,LMA,lvs_end,lvs_end_count,lvs_end_length,mature,maturity,ovule_count,ovule_per_ovary,pack_disp_success_inv,packaging_dispersal_costs,packaging_dispersal_costs_temp,pollen_attract_costs,pollen_set,postpollen_aborted_costs,postpollen_aborted_count,postpollen_aborted_inv,postpollen_all_costs,postpollen_all_inv,postpollen_count,postpollen_temp_inv,prepollen_all_costs,prepollen_all_inv,prepollen_costs_from_pack_disp_tissues,prepollen_costs_from_seed_tissues,prepollen_count,prepollen_count_aborted_preflowering,prepollen_count_reach_flowering,prepollen_discarded_costs,prepollen_discarded_inv,prepollen_inv_aborted_preflowering,prepollen_inv_from_aborted_dispersal,prepollen_inv_from_pack_disp_tissues,prepollen_partial_costs,prepollen_success_inv,prepollen_temp_inv,prop_accessory_vs_embryo_endo,prop_accessory_vs_propagule,prop_discarded_vs_all_repro,prop_embryo_endo_vs_all_repro,prop_embryo_endo_vs_success,prop_endo,prop_leaf_expand,prop_leaf_loss,prop_leaf_replacement,prop_pack_disp_vs_all_repro,prop_pack_disp_vs_success,prop_pollen_attract_vs_all_repro,prop_pollen_attract_vs_success,prop_postpollen_all_vs_all_repro,prop_postpollen_discarded,prop_postpollen_discarded_vs_all_repro,prop_postpollen_success,prop_prepollen_all_vs_all_repro,prop_prepollen_discarded,prop_prepollen_discarded_vs_all_repro,prop_prepollen_success,prop_propagule_vs_all_repro,prop_provisioning_vs_success,prop_repro,prop_success,prop_surplus,propagule_costs,propagule_costs_temp,propagule_inv,provisioning_costs,RA,RA_max_1,replace_leaf_prop_no_accessory,repro_and_leaf_growth_prop_surplus,repro_costs,repro_inv,repro_prop_all_leaf,reproducing,scaled_ovule_count,scaled_pollen_attract_costs,scaled_provisioning_costs,scaled_reach_flowering_count,scaled_repro_inv,scaled_seed_count,seed_coat_costs,seed_count,seed_prop_all,seed_prop_all_acc,seed_prop_surplus,seed_prop_veg,seed_size,seed_size_source,seedset,shoot_leaf_count,shoot_leaf_count_new,shoot_leaf_count_new_and_shed_count,shoot_leaf_count_start,shoot_length_start,stem_area,stem_weight,stem_weight_0,stop_at_flower_count,success_costs,success_inv,surplus_inv,total_inv,total_weight,total_weight_0,wood_density,zygote_set,mean_P,mean_N,mean_P_s,mean_N_s,ratio_leaf_stem,leaf_m_whole,leaf_a_whole,mean_P_area,mean_N_area,age_group,mean_ratio_leaf_stem,mean_leaf_m_whole,mean_leaf_a_whole,mean_g_diameter,mean_g_height,mean_g_inv,mean_g_leaf_area,mean_g_gross_inv,mean_ratio_leaf_stem_s,mean_leaf_m_whole_s,mean_leaf_a_whole_s,mean_g_stem_diameter_s,mean_g_height_s,mean_g_inv_s,mean_g_leaf_area_s,mean_g_gross_inv_s,mean_LMA_s,mean_P_area_s,mean_N_area_s
1,Basin2005,BAER,BAER_001,end,7,2286,0,0,24985.12362,79736.16239,54751.03877,0,2,1.376529467,21.26,15.04,0,24985.12362,0,0,24.0645,0,0,0,131980.2715,23,75732.06789,23487.95876,1099.280441,0,23487.95876,0.219523588,70,52244.10913,177.3319097,6.22,653,630,0,4544.75663,3445.476189,54751.03877,31263.08001,48473.08238,31263.08001,0.16078325,97106.3,73618.34124,40,0.021366667,243.6457157,0,177,TRUE,7,2286,2,0,0,0,0,0,0,0,0,0,0,0,0,0,24985.12362,0,0,2286,982,1304,0,24985.12362,16582.54089,0,0,0,0,24985.12362,1,1,1,0,0,0.7426,0.367275213,0.424664282,0.604152132,0,0,0,0,0,1,0,0,1,1,0,0,0,1,0.189309533,0,0.607918427,0,0,0,0,0.248072084,0.51544326,0.511715156,0.607918427,0,24985.12362,0.313347456,TRUE,0.663478682,0,0,0.37846728,7.25157344,0,0,0,0,0,0,0,0,Wenk,0,340.0027784,96.3570627,0,423.4844248,117,354.9902309,85380.3,33136.19087,1304,0,0,48473.08238,100717.1915,182486.6,106754.5321,0.5875,0,149.821,1.501,129.754,1.234555556,1.137338473,0.532128386,0.024904605,24.0887073,0.241335658,"Old (5, 7, 9, 32 yrs)",0.968789393,0.488113506,0.022844626,6.046190476,111.1428571,107218.0515,1385.059612,171357.8513,1.216824492,0.503342627,0.022965724,3.6632,147.48,62587.29588,385.4721021,118628.2338,0.022436667,46.04451467,0.357926503
2,Waratah2011,BAER,BAER_101,end,1.4,0,0,0,0,1307.186107,1307.186107,0,0,1.376529467,3.126666667,2.22,0,0,0,0,24.0645,0,0,0,1838.610687,100,1723.00194,1191.57736,56.83198856,0,1191.57736,0.648085736,110,531.4245796,3.807331043,0.906666667,285,185,0,71.10333863,14.27135008,1307.186107,115.6087472,1191.57736,115.6087472,0.494356563,1490.8,299.2226399,40,0.020966667,54,54,0,FALSE,7,0,2,0,0,0,0,0,0,0,0,0,0,0,0,0,0,0,0,0,0,0,0,0,0,0,0,0,0,0,1,1,1,0,0,0.7426,0.648085736,0.386363636,0.710964054,0,0,0,0,0,1,0,0,0,1,0,0,0,1,0,0,0.911559076,0,0,0,0,0,0,0.710964054,0.911559076,0,0,0,FALSE,0,0,0,0,0,0,0,0,0,0,0,0,0,Wenk,0,205.4182414,151.4182414,0,88,185,7.678087352,831.2,299.7754204,0,0,0,1191.57736,1723.00194,2322,598.9980604,0.5875,0,184.4725,1.2065,129.754,1.234555556,1.793551492,0.64203273,0.030621593,91.19519098,0.596441193,"Young (1.4, 2.4 yrs)",2.127725257,0.675033813,0.032195571,2.412222222,199.4,3342.507281,99.90022609,3654.664848,1.216824492,0.503342627,0.022965724,3.6632,147.48,62587.29588,385.4721021,118628.2338,0.022436667,46.04451467,0.357926503
3,Waratah2011,BAER,BAER_151,end,2.4,0,0,0,0,4389.949404,4389.949404,0,0,1.376529467,6.476666667,4.513333333,0,0,0,0,24.0645,0,0,0,8362.122778,159,7910.087519,3937.914144,163.6252414,0,3937.914144,0.470922785,172,3972.173374,16.94656235,1.963333333,671,512,0,231.9972299,68.37198847,4389.949404,452.0352595,3937.914144,452.0352595,0.236380859,5583.4,1645.485856,40,0.024066667,388.4282508,3,280,FALSE,7,0,2,0,0,0,0,0,0,0,0,0,0,0,0,0,0,0,0,0,0,0,0,0,0,0,0,0,0,0,1,1,1,0,0,0.7426,0.470922785,0.274712334,0.524980262,0,0,0,0,0,1,0,0,0,1,0,0,0,1,0,0,0.897029506,0,0,0,0,0,0,0.524980262,0.897029506,0,0,0,FALSE,0,0,0,0,0,0,0,0,0,0,0,0,0,Wenk,0,625.1913192,236.7630684,0,535.5506082,360,32.94526257,6111.9,2139.726626,0,0,0,3937.914144,7910.087519,11695.3,3785.212481,0.5875,0,97.118,0.978333333,129.754,1.234555556,0.913529344,0.477405453,0.019836792,22.95683631,0.231259274,"Young (1.4, 2.4 yrs)",1.078452052,0.513619209,0.021341518,3.412857143,246.4285714,20401.86161,421.7214756,22001.90255,1.216824492,0.503342627,0.022965724,3.6632,147.48,62587.29588,385.4721021,118628.2338,0.022436667,46.04451467,0.357926503
4,Basin2007,BAER,BAER_401,end,5,0,0,0,0,5612.537563,5612.537563,0,0,1.376529467,7.09,4.823333333,0,0,0,0,24.0645,0,0,0,10493.81816,50,8356.700191,3475.419593,172.9064474,0,3475.419593,0.331187328,50,4881.280598,21.20854294,2.266666667,510,460,0,428.6119403,255.7054929,5612.537563,2137.11797,3475.419593,2137.11797,0.131684583,8615.1,5139.680407,40,0.0201,234.0100094,0,170,FALSE,7,0,2,0,0,0,0,0,0,0,0,0,0,0,0,0,0,0,0,0,0,0,0,0,0,0,0,0,0,0,1,1,1,0,0,0.7426,0.331187328,0.41580756,0.534842273,0,0,0,0,0,1,0,0,0,1,0,0,0,1,0,0,0.619224291,0,0,0,0,0,0,0.534842273,0.619224291,0,0,0,FALSE,0,0,0,0,0,0,0,0,0,0,0,0,0,Wenk,0,302.8364828,68.82647336,0,400.5700749,110,39.48047342,7261.6,2380.319402,0,0,0,3475.419593,8356.700191,15876.7,7519.999809,0.5875,0,NA,NA,NA,NA,1.186391429,0.542625357,0.026996286,NA,NA,"Old (5, 7, 9, 32 yrs)",1.078489434,0.517085887,0.025725666,2.188095238,85,9238.280887,179.4894603,11908.84936,1.216824492,0.503342627,0.022965724,3.6632,147.48,62587.29588,385.4721021,118628.2338,0.022436667,46.04451467,0.357926503
5,Waratah2003,BAER,BAER_801,end,9,1934,0,0,21251.13471,238997.7648,217746.6301,0,1,1.376529467,35.64333333,19.53333333,0,21251.13471,0,0,24.0645,0,0,0,501138.6559,50,294652.8052,32511.91412,1281.678612,0,32511.91412,0.06774903,121,262140.8911,698.1373644,16.11,1080,1030,0,9328.726675,8047.048064,217746.6301,185234.716,53763.04883,185234.716,0.158870417,236638.7,204126.7859,40,0.025366667,66,66,0,TRUE,7,1934,2,0,0,0,0,0,0,0,0,0,0,0,0,0,21251.13471,0,0,1934,1934,0,0,21251.13471,21251.13471,0,0,0,0,21251.13471,1,1,1,0,0,0.7426,0.107281784,0.907449334,0.476909458,0,0,0,0,0,1,0,0,1,1,0,0,0,1,0.042405698,0,0.224952099,0,0,0,0,0.067270876,0.395273988,0.453745139,0.224952099,0,21251.13471,0.088917713,TRUE,0.240336579,0,0,0,2.640860915,0,0,0,0,0,0,0,0,Wenk,0,232.5600655,166.5600655,0,713.1229094,146,997.8069063,326844.7,64703.8089,0,0,0,53763.04883,315903.9399,563483.4,268830.5948,0.5875,0,96.1585,1.375,129.754,1.234555556,0.724009598,0.419956826,0.01655546,15.27674096,0.218446823,"Old (5, 7, 9, 32 yrs)",0.752635326,0.428494811,0.016892042,5.655238095,73.57142857,101874.5205,620.1977278,204491.432,1.216824492,0.503342627,0.022965724,3.6632,147.48,62587.29588,385.4721021,118628.2338,0.022436667,46.04451467,0.357926503
6,Basin1981,BAER,BAER_901,end,32,3458,1482.964691,1467.95395,258035.8563,523289.4443,257718.3356,20.87356322,4,1.376529467,60.87333333,54.19,296.0300694,51509.23208,43.30604835,7535.252412,24.0645,48460.98046,216.501255,37671.21837,1077064.676,70,549813.5739,-3961.657739,-162.1415173,-3961.657739,0,0.009200229,138,553775.2316,603.97638,6.683333333,2790,2720,0,24363.35198,24525.4935,257718.3356,257718.3356,261609.451,261679.9933,0.151826288,595277.9,599239.5577,40,0.024433333,344.1323668,0,250,TRUE,7,3632,2,204204.9803,1173.591841,1165.480182,13.34278096,0.04845815,167.8915219,2,29213.12481,1384.789411,240953.3576,176,242301.9428,141.4813285,24617.75116,6.89908255,0.763333333,3456,0,3632,128.1385476,22296.10728,0,13.7981651,25057.46782,5.680365079,2321.643887,23269.16597,0.971626234,0.96179132,0.19395646,0.028373766,0.035201282,0.7426,0.246569324,0.436686781,0.485847745,0.768927694,0.953953051,0.00874208,0.010845667,0.9073026,0.12123975,0.11000114,0.87876025,0.0926974,0.905692284,0.083955319,0.094307716,0.03820868,0.989154333,0.246569324,0.80604354,0.507503279,58.31679012,59.08012346,10147.12148,1216.897889,0.32570039,1,0.323863558,0.507503279,1526.27074,265571.1087,0.507503279,TRUE,0.148090802,0.000544037,0.049617672,0.148090802,10.82836962,0.007094658,15.01074178,174,0.009200229,0.0069961,0.028373766,0.0069961,58.31679012,Wenk,0.047907489,534.0934333,189.9610665,0,610.9076709,300,2910.342148,2081500,1527724.768,3456,1230.24067,214061.8766,265571.1087,815384.6826,2676777.9,2126964.326,0.5875,0.988636364,165.349,1.512,129.754,1.234555556,0.285985059,0.222385989,0.009101746,25.10432492,0.229561348,"Old (5, 7, 9, 32 yrs)",0.253826045,0.201490039,0.008246523,3.694285714,110,201156.8833,-67.16803054,429753.067,1.216824492,0.503342627,0.022965724,3.6632,147.48,62587.29588,385.4721021,118628.2338,0.022436667,46.04451467,0.357926503
7,Basin2005,BOLE,BOLE_001,end,7,440,77.21679428,73.95252842,1544.335886,1834.992405,248.0322208,23,0,0.245981591,4.736666667,4.52,64.53830756,1290.766151,2.131214904,42.62429808,2.095,1485.113021,11.93363095,238.672619,2156.490284,-520,73.63750315,-247.8603764,-12.64593757,-247.8603764,0,0.069629979,27,321.4978796,1.575203283,0.216666667,580,1100,0,20.24489796,32.89083553,248.0322208,248.0322208,1339.099807,495.8925972,0.454821816,396.8,644.6603764,9,0.0196,6,6,0,TRUE,1.4,460,4,188.999603,9.449980151,8.667091591,3.228506568,0.067567568,24.07487269,0,481.4974539,35.65606775,713.121355,20,769.797619,43.69194144,873.8388287,2.481377306,0.352435897,440,164,296,40.46343487,809.2686973,603.0610209,0,734.4876825,0.394693365,64.57013136,817.1625646,0.973140915,0.932002317,0.813357616,0.026859085,0.143906674,0.395,0.735899529,0.769230769,0.850916147,0.119095365,0.638093892,0.040687934,0.217999434,0.449363105,0.675197076,0.303408654,0.324802924,0.550636895,0.926107505,0.509948961,0.073892495,0.067997683,0.782000566,0.735899529,0.186642384,0.864832018,5.395480769,5.747916667,107.9096154,11.58119505,0.955656024,1,0.474809165,0.864832018,79.34800918,1586.960184,0.864832018,TRUE,13.9856587,0.098158241,0.35211009,8.999467335,48.24931195,0.608072117,3.264265865,20,0.069629979,0.019765588,0.026859085,0.019765588,5.395480769,Wenk,0.043478261,13,7,0,26,178,17.62120192,2576,2254.50212,276,14.80970162,296.1940325,1586.960184,1660.597687,2972.8,2899.162497,0.8575,1,239.2986667,1.727,190.3758,1.639873333,0.154037267,0.133476857,0.006810044,108.8382541,0.785477276,"Old (5, 7, 9, 32 yrs)",0.166951833,0.138938191,0.007088683,0.472380952,-170,726.2668164,-16.23629845,2822.45601,0.968251107,0.406534619,0.031096283,1.118652482,121.9148936,2217.354784,66.55472759,3708.794778,0.01587766,219.0161065,1.87139784
8,Waratah2011,BOLE,BOLE_101,end,1.4,8,0,0,4.2,280.5,276.3,0,0,0.245981591,1.593333333,0.6,0,4.2,0,0,2.095,0,0,0,408.5051792,103,363.9178325,235.9126533,21.44660485,0,235.9126533,0.583501438,103,128.0051792,1.711155705,0.993333333,133,30,0,25.11818182,3.671576972,276.3,40.38734669,240.1126533,40.38734669,1.671524917,276.3,40.38734669,9,0.011,0,0,0,TRUE,1.4,8,4,0,0,0,0,0,0,0,0,0,0,0,0,0,4.2,0,0,8,8,0,0,4.2,4.2,0,0,0,0,4.2,1,1,1,0,0,0.395,0.587783621,1,0.686649801,0,0,0,0,0,1,0,0,1,1,0,0,0,1,0.010281387,0,0.856016589,0,0,0,0,0.01140939,0.01749179,0.683394659,0.856016589,0,4.2,0.014973262,TRUE,2.178900255,0,0,0,1.143922634,0,0,0,0,0,0,0,0,Wenk,0,22,22,0,10,30,1.993899044,134.1,6.09482077,0,0,0,240.1126533,368.1178325,410.4,46.48216746,0.8575,0,192.415,1.610275,190.3758,1.639873333,2.060402685,0.673245614,0.061204147,321.6264668,2.691614785,"Young (1.4, 2.4 yrs)",1.68303028,0.617501848,0.056136532,1.691052632,275.3684211,2261.5111,116.4792861,2675.715736,0.968251107,0.406534619,0.031096283,1.118652482,121.9148936,2217.354784,66.55472759,3708.794778,0.01587766,219.0161065,1.87139784
9,Waratah2011,BOLE,BOLE_151,end,2.4,865,742.3757836,739.1115177,2227.127351,6197.293891,3963.772895,289.3333333,0,0.245981591,5.256666667,2.893333333,729.6215009,2188.864503,2.131214904,6.393644712,2.095,2868.13461,11.93363095,35.80089286,11320.83954,375,8085.886014,2962.340369,163.6652138,0,2962.340369,0.326460081,365,5123.545645,15.12768492,2.363333333,745,370,0,265.0994475,101.4342338,3963.772895,1001.432526,5195.861365,1001.432526,1.231492001,4798.3,1835.959631,9,0.0181,55,55,0,TRUE,1.4,868,4,28.34994045,9.449980151,8.730433829,3.304302547,0.1,40.21939639,5,120.6581892,51.80059144,155.4017743,8,178.5790179,692.7064071,2078.119221,2.544719544,0.352435897,860,788,80,689.4021045,2068.206314,1999.814312,12.72359772,203.5775635,0.407147105,9.91290764,2054.941978,0.997137415,0.992752948,0.980006235,0.002862585,0.143173911,0.395,0.458964315,0.545454545,0.547423526,0.012692937,0.63484476,0.004438242,0.221981329,0.069577038,0.776427359,0.054021516,0.223572641,0.930422962,0.995229866,0.92598472,0.004770134,0.007247052,0.778018671,0.197292876,0.019993765,0.838408095,5.395480769,5.747916667,16.18644231,11.58119505,0.21643889,0.429865395,0.436583703,0.838408095,744.5069985,2233.520996,0.360402627,TRUE,8.557268763,0.032575812,0.114174422,0.788688365,22.01940028,0.029575814,3.264265865,3,0.000703084,0.000564768,0.001230526,0.000564768,5.395480769,Wenk,0.003456221,84,29,0,121,178,21.70254966,6236.9,1113.354355,72,14.8854976,44.6564928,5195.861365,10319.40701,11035.2,2949.313986,0.8575,0.375,134.8254,1.3704,190.3758,1.639873333,0.769340538,0.434817674,0.024023076,166.0364016,1.687636638,"Young (1.4, 2.4 yrs)",0.708296919,0.413321678,0.022835452,1.968095238,260.7142857,7829.222535,168.9906032,12782.07238,0.968251107,0.406534619,0.031096283,1.118652482,121.9148936,2217.354784,66.55472759,3708.794778,0.01587766,219.0161065,1.87139784
10,Basin2007,BOLE,BOLE_401,end,5,252,0,0,249.7383706,883.4383706,633.7,0,0,0.245981591,2.696666667,2.453333333,0,249.7383706,0,0,2.095,0,0,0,1128.93949,70,-104.3268049,-349.8279245,-19.11628003,-349.8279245,0,0,75,245.5011196,0.984234798,0.243333333,395,325,0,34.6284153,53.74469533,633.7,633.7,-100.089554,983.5279245,0.457917,633.7,983.5279245,9,0.0183,0,0,0,TRUE,1.4,252,4,0,0,0,0,0,0,0,0,0,0,0,0,0,249.7383706,0,0,252,208,44,0,249.7383706,216.864683,0,0,0,0,249.7383706,1,1,1,0,0,0.395,0.221215019,1,0.782538283,0,0,0,0,0,1,0,0,1,1,0,0,0,1,0.221215019,0,0.282689069,0,0,0,0,1.717458783,1,0.720767963,0.282689069,0,249.7383706,0.282689069,TRUE,4.688834841,0,0,0.818685448,4.646753862,0,0,0,0,0,0,0,0,Wenk,0,18,18,0,25,90,5.711424171,993.8,748.2988804,44,0,0,249.7383706,145.4115657,1627.5,1731.826805,0.8575,0,NA,NA,NA,NA,0.637653451,0.3893702,0.02127706,NA,NA,"Old (5, 7, 9, 32 yrs)",0.893722356,0.362338577,0.019799922,0.304761905,33.57142857,36.10672872,-12.74088278,1020.477472,0.968251107,0.406534619,0.031096283,1.118652482,121.9148936,2217.354784,66.55472759,3708.794778,0.01587766,219.0161065,1.87139784
11,Waratah2003,BOLE,BOLE_801,end,9,331,37.12289295,33.85862709,779.580752,1022.853252,198.5169867,16.76190476,0,0.245981591,2.88,2.706666667,24.44440623,513.3325309,2.131214904,44.75551298,2.095,1136.434312,11.93363095,250.60625,1605.91308,-110,366.8107882,-216.2490399,-10.42164048,-216.2490399,0,0.054161639,74,583.0598281,0.760544675,0.173333333,690,800,0,19.56144578,29.98308626,198.5169867,198.5169867,608.0872251,414.7660266,0.448126944,405.9,622.1490399,9,0.02075,2,2,0,TRUE,1.4,352,4,198.4495832,9.449980151,8.667091591,3.228506568,0.194444444,2.576956028,0,54.11607658,14.15815108,297.3211727,21,356.83125,25.09595677,527.0150923,2.481377306,0.352435897,331,244,108,21.86745021,459.2164543,394.2162085,0,267.988749,0.394693365,67.79863793,467.505015,0.945707213,0.862549907,0.622722247,0.054292787,0.143906674,0.395,0.513313127,0.666666667,0.636929398,0.24073863,0.638093892,0.082246337,0.217999434,0.360679477,0.182012186,0.06564806,0.817987814,0.639320523,0.871353517,0.557074187,0.128646483,0.137450093,0.782000566,0.513313127,0.377277753,0.805918409,5.395480769,5.747916667,113.3050962,11.58119505,0.692052474,1,0.294400318,0.805918409,39.25410786,824.336265,0.805918409,TRUE,11.73995222,0.107677593,0.386257604,3.602030794,27.49337603,0.700394877,3.264265865,21,0.054161639,0.0278692,0.054292787,0.0278692,5.395480769,Wenk,0.059659091,14,12,0,6,143,6.514406526,3458,2874.940172,87,14.80970162,311.0037341,824.336265,1191.147053,3863.9,3497.089212,0.8575,1,231.318,2.041333333,190.3758,1.639873333,0.117379988,0.105049303,0.005062617,103.6598285,0.914776469,"Old (5, 7, 9, 32 yrs)",0.163918424,0.138914691,0.006694684,0.175714286,-53.14285714,157.9702008,-9.304027463,1014.244939,0.968251107,0.406534619,0.031096283,1.118652482,121.9148936,2217.354784,66.55472759,3708.794778,0.01587766,219.0161065,1.87139784
12,Basin2005,COER,COER_001,end,7,92,13.14600353,12.51152391,565.278152,1191.208031,600.4822669,3.139534884,0,1.427524545,5.08,3.956666667,10.03577111,431.5381579,0.591804925,25.44761178,0.686,221.8852174,2.058284553,88.50623577,3009.702712,45,1994.214463,175.7197813,7.879810822,0,175.7197813,0.082296421,50,1818.494681,7.97272511,1.123333333,620,575,12,67.32286996,59.44305913,600.4822669,424.7624856,766.4455451,424.7624856,0.070191458,1501.3,1325.580219,12,0.0223,429.5692498,37,275,TRUE,2.4,135,1,63.06544337,1.466638218,0.83215859,1.643594203,0.318518519,6.15495716,0,264.6631579,8.213400303,353.1762131,43,388.9522131,5.524408156,237.5495507,0,0.832,92,0,135,3.880813953,166.875,15.66433333,0,0,0.811594203,70.67455072,201.7735507,0.956921446,0.910736523,0.730521986,0.043078554,0.159859253,0.4826,0.254658223,0.320435142,0.395789267,0.106759257,0.396170563,0.119640204,0.443970184,0.597868308,0.749379908,0.448030498,0.250620092,0.402131692,0.702485016,0.282491488,0.297514984,0.089263477,0.556029816,0.196273792,0.269478014,0.643418719,1.226284553,2.058284553,52.73023577,2.058443143,0.228525889,0.770734161,0.256064306,0.643418719,13.73780846,590.7257638,0.495904786,TRUE,2.271080963,0.027649893,0.034628822,2.271080963,9.937674346,0.723381344,0.634479628,43,0.010410471,0.008455191,0.033202113,0.008455191,1.226284553,Wenk,0.318518519,500.945477,71.37622723,0,632.1239904,185,20.26829916,3546.1,1727.605319,92,3.702037346,159.1876059,766.4455451,2584.940226,5047.4,3053.185537,0.7875,1,166.881,1.268,117.033625,0.9774,0.423366515,0.297440266,0.013338129,11.71362076,0.089002769,"Old (5, 7, 9, 32 yrs)",0.54785661,0.35175769,0.015773887,0.934444444,31.66666667,1214.106659,5.611340671,1967.767394,1.848431606,0.522454269,0.028497143,0.7453125,98.75,742.5286607,7.55296216,975.680094,0.020730208,20.10985808,0.143015956
13,Waratah2011,COER,COER_152,end,2.4,0,0,0,0,832.0765246,832.0765246,0,0,1.427524545,4.54,1.786666667,0,0,0,0,0.686,0,0,0,4292.646837,614,4200.179266,739.6089532,47.92282634,0,739.6089532,0.172296716,616,3460.570313,13.68118222,2.753333333,760,146,0,135.7969762,87.8741499,832.0765246,92.46757137,739.6089532,92.46757137,0.154142581,2095.8,1356.191047,12,0.015433333,175.585519,0,123,FALSE,2.4,0,1,0,0,0,0,0,0,0,0,0,0,0,0,0,0,0,0,0,0,0,0,0,0,0,0,0,0,0,1,1,1,0,0,0.4826,0.172296716,0.068181818,0.193837638,0,0,0,0,0,1,0,0,0,1,0,0,0,1,0,0,0.888871313,0,0,0,0,0,0,0.193837638,0.888871313,0,0,0,FALSE,0,0,0,0,0,0,0,0,0,0,0,0,0,Wenk,0,1054.940638,879.3551195,0,188.4332399,146,16.18831278,3661.3,200.7296874,0,0,0,739.6089532,4200.179266,5757.1,1556.920734,0.7875,0,94.56133333,0.939,117.033625,0.9774,0.572419632,0.364037449,0.02358774,14.57592799,0.144739884,"Young (1.4, 2.4 yrs)",1.501052156,0.570593464,0.036971499,1.0425,215.25,935.6013796,15.45893014,992.3138332,1.848431606,0.522454269,0.028497143,0.7453125,98.75,742.5286607,7.55296216,975.680094,0.020730208,20.10985808,0.143015956
14,Wilunga2012,COER,COER_320,end,1.4,0,0,0,0,319.3159,319.3159,0,0,1.427524545,1.75,0.85,0,0,0,0,0.686,0,0,0,533.447008,275,472.628138,258.4970299,14.88466583,0,258.4970299,0.484578648,275,214.1311081,1.837831702,0.9,294,19,0,23.38963532,8.504969485,319.3159,60.81887003,258.4970299,60.81887003,0.164740056,406.2,147.7029701,12,0.017366667,10,10,0,FALSE,2.4,0,1,0,0,0,0,0,0,0,0,0,0,0,0,0,0,0,0,0,0,0,0,0,0,0,0,0,0,0,1,1,1,0,0,0.4826,0.484578648,0.411764706,0.598589729,0,0,0,0,0,1,0,0,0,1,0,0,0,1,0,0,0.80953385,0,0,0,0,0,0,0.598589729,0.80953385,0,0,0,FALSE,0,0,0,0,0,0,0,0,0,0,0,0,0,Wenk,0,402.5692498,392.5692498,0,17,19,2.405281875,221.1,6.96889194,0,0,0,258.4970299,472.628138,627.3,154.671862,0.7875,0,214.342,1.245,117.033625,0.9774,1.837177748,0.647537064,0.037286203,35.31071299,0.205101369,"Young (1.4, 2.4 yrs)",4.259447787,0.792629105,0.045640831,0.494444444,84.33333333,162.2115874,6.366637114,176.7576262,1.848431606,0.522454269,0.028497143,0.7453125,98.75,742.5286607,7.55296216,975.680094,0.020730208,20.10985808,0.143015956
15,Waratah2003,COER,COER_801,end,9,55,18.10857356,17.47409393,289.7371769,975.7102021,676.5041464,4.4375,0,1.427524545,5.7,5.01,12.91997575,206.719612,0.591804925,9.468878803,0.686,161.0336499,2.058284553,32.93255285,3376.331077,60,2485.344558,84.72368303,2.908135573,0,84.72368303,0.030516668,68,2400.620875,5.804013888,0.69,970,910,4,32.05263158,29.14449601,676.5041464,591.7804633,383.9297387,591.7804633,0.073411345,933.8,849.076317,12,0.029133333,128.477209,0,90,TRUE,2.4,71,1,46.72829166,2.920518229,2.910523975,2.268079577,0.225352113,5.984276661,0,95.74842657,9.496599815,151.945597,16,175.249363,9.203778666,147.2604587,0.624485374,0.832,55,0,71,6.93569909,110.9711854,9.488888889,0,44.33846154,0.811594203,36.28927323,123.9566927,0.968353318,0.934424613,0.690893811,0.031646682,0.102381262,0.4826,0.113712112,0.696969697,0.288985345,0.156174284,0.505244767,0.121285223,0.392373972,0.507829284,0.630149398,0.320008318,0.369850602,0.492170716,0.753570826,0.370885493,0.246429174,0.065575387,0.607626028,0.088618696,0.309106189,0.39348747,1.226284553,2.058284553,19.62055285,3.512323154,0.107452188,0.779325031,0.22224272,0.39348747,18.70037848,299.2060557,0.306654635,TRUE,2.436137512,0.077821884,0.120514115,2.436137512,10.26629713,0.548988735,0.634479628,16,0.003067744,0.002804488,0.024663051,0.002804488,1.226284553,Wenk,0.225352113,225.5488781,97.07166904,0,423.9747898,112,25.51758633,7633.2,5232.579125,55,5.780402731,92.48644369,383.9297387,2784.550614,8567,6081.655442,0.7875,1,90.454,0.829733333,117.033625,0.9774,0.122334015,0.10899965,0.003741407,6.640349764,0.06091184,"Old (5, 7, 9, 32 yrs)",0.147634864,0.127973612,0.004392687,0.469333333,23.4,1520.208082,3.349556794,2442.569629,1.848431606,0.522454269,0.028497143,0.7453125,98.75,742.5286607,7.55296216,975.680094,0.020730208,20.10985808,0.143015956
16,Basin2005,EPMI,EPMI_001,end,7,60,0.167273426,0.160911795,32.61831801,65.78089012,30.40528785,1.307692308,0,1.17661612,1.336666667,0.986666667,0.069818824,13.61467069,0.014139919,2.757284264,0.02,23.22870748,0.120057106,23.41113566,160.8979803,37,107.8232593,12.70616915,0.962588572,0,12.70616915,0.120544856,42,95.11709017,0.638659607,0.35,245,208,0,10.34848485,9.385896276,30.40528785,17.69911869,48.08177143,17.69911869,0.065469482,136.6,123.8938308,40,0.0132,141.1939345,0,120,TRUE,2.4,255,15,1.240518062,0.006361631,0.049142857,0.091092971,0.928571429,0.050412698,0,9.83047619,0.070914249,13.82827852,195,23.41113566,0.110499096,21.54732376,0.049142857,0,60,45,210,0.019406126,3.784194504,2.417799946,0,10.32,0.041950113,17.76312925,11.96446661,0.922056896,0.886989844,0.384860464,0.077943104,0.126708007,0.6897,0.298833903,0.142857143,0.408836021,0.035067051,0.057006662,0.50212938,0.816285332,0.390898745,0.710896601,0.277888589,0.289103399,0.609101255,0.175622483,0.106971875,0.824377517,0.113010156,0.183714668,0.219863557,0.615139536,0.730938291,0.02050155,0.02050155,3.997802326,0.02050155,0.247038293,0.735738331,0.258517769,0.730938291,0.181413345,35.37560227,0.537779319,TRUE,27.16842297,0.009705303,0.002184293,22.37399539,3.769016962,20.77585286,0.006361631,195,0.021494321,0.017136848,0.05734573,0.017136848,0.02050155,Wenk,0.764705882,190.6118115,49.41787706,0,164.7262569,140,1.403253445,158.7,63.58290983,15,0.111594521,21.76093158,48.08177143,143.1988616,295.3,187.4767407,0.725,1,137.521,1.1667,168.2709444,1.372222222,0.860743541,0.462580427,0.035043972,9.003428679,0.076383245,"Old (5, 7, 9, 32 yrs)",0.561791005,0.348679999,0.026415151,0.446666667,46.28571429,454.6560105,2.682201414,728.349699,0.984007575,0.433180186,0.037764817,0.52628655,74.84210526,486.5837869,6.854584551,850.407763,0.012164327,10.35004754,0.085411568
17,Waratah2011,EPMI,EPMI_101,end,1.4,0,0,0,0,321.0011154,321.0011154,0,0,1.17661612,1.87,0.67,0,0,0,0,0.02,0,0,0,524.4408741,135,435.1551678,231.7154091,21.85994426,0,231.7154091,0.441833237,136,203.4397587,2.393893602,1.2,192,57,0,33.01886792,11.15892367,321.0011154,89.28570632,231.7154091,89.28570632,0.052803864,350,118.2845909,40,0.0106,15,15,0,FALSE,2.4,0,15,0,0,0,0,0,0,0,0,0,0,0,0,0,0,0,0,0,0,0,0,0,0,0,0,0,0,0,1,1,1,0,0,0.6897,0.441833237,0.754838019,0.612082565,0,0,0,0,0,1,0,0,0,1,0,0,0,1,0,0,0.721852349,0,0,0,0,0,0,0.612082565,0.721852349,0,0,0,FALSE,0,0,0,0,0,0,0,0,0,0,0,0,0,Wenk,0,175.0197924,160.0197924,0,61.18403826,57,2.746458838,213.1,9.660241291,0,0,0,231.7154091,435.1551678,563.1,127.9448322,0.725,0,193.5943333,1.682333333,168.2709444,1.372222222,1.642421398,0.621559226,0.058637663,10.22252878,0.0888337,"Young (1.4, 2.4 yrs)",1.77389202,0.634678486,0.059875329,0.682777778,124.0952381,215.4468235,11.11746799,260.3213326,0.984007575,0.433180186,0.037764817,0.52628655,74.84210526,486.5837869,6.854584551,850.407763,0.012164327,10.35004754,0.085411568
18,Waratah2011,EPMI,EPMI_151,end,2.4,45,0,0,1.872708323,190.7936346,188.9209263,0,0,1.17661612,1.66,1.016666667,0,1.872708323,0,0,0.02,0,0,0,400.1675048,109,285.752963,76.37909285,6.584404556,0,76.37909285,0.191765229,122,209.3738702,1.352446911,0.643333333,245,136,0,19.59482759,13.01042303,188.9209263,112.5418335,78.25180117,112.5418335,0.057575753,227.3,150.9209071,40,0.0116,38,38,0,TRUE,2.4,45,15,0,0,0,0,0,0,0,0,0,0,0,0,0,1.872708323,0,0,45,45,0,0,1.872708323,1.872708323,0,0,0,0,1.872708323,1,1,1,0,0,0.6897,0.195547615,0.745700749,0.476784427,0,0,0,0,0,1,0,0,1,1,0,0,0,1,0.004679811,0,0.410138427,0,0,0,0,0.006510922,0.023931824,0.474324365,0.410138427,0,1.872708323,0.009815361,TRUE,3.458765322,0,0,0,0.14393908,0,0,0,0,0,0,0,0,Wenk,0,181.5471667,143.5471667,0,149.4302473,92,2.164243179,271.9,62.52612984,0,0,0,78.25180117,287.6256713,499.2,213.447037,0.725,0,292.0753333,1.667333333,168.2709444,1.372222222,0.835969106,0.455328526,0.039252459,16.81645727,0.095997972,"Young (1.4, 2.4 yrs)",0.795875088,0.430315694,0.03709618,0.516666667,110.2857143,402.5581311,10.06510512,601.3121918,0.984007575,0.433180186,0.037764817,0.52628655,74.84210526,486.5837869,6.854584551,850.407763,0.012164327,10.35004754,0.085411568
19,Basin2007,EPMI,EPMI_401,end,5,120,0.203916551,0.19755492,36.7049792,155.039256,115.7890913,1.666666667,0,1.17661612,1.863333333,1.526666667,0.10646195,19.16315091,0.014139919,2.545185474,0.02,27.32789116,0.132353402,23.8236124,285.1991906,41,167.491493,37.33155845,3.010609552,0,37.33155845,0.160473533,51,130.1599346,0.896374924,0.336666667,228,187,0,21.96774194,18.95713238,115.7890913,78.45753286,76.58172312,78.45753286,0.070218694,272.4,235.0684416,40,0.0124,115.3083798,0,98,TRUE,2.4,300,15,1.145093595,0.006361631,0.049142857,0.091092971,0.928571429,0.064415344,15,11.5947619,0.084916894,15.28504097,195,24.86789812,0.133139576,23.9651237,0.049142857,0,105,90,210,0.042046606,7.568389008,4.835599893,0.737142857,10.32,0.041950113,16.39673469,14.38226656,0.935154782,0.905980546,0.488231096,0.064845218,0.126708007,0.6897,0.268520128,0.333764636,0.543617447,0.029174237,0.057006662,0.41774945,0.816285332,0.389426162,0.758569239,0.295406707,0.241430761,0.610573838,0.315808468,0.192824389,0.684191532,0.094019454,0.183714668,0.137623689,0.511768904,0.493950533,0.02050155,0.02050155,3.69027907,0.02050155,0.189851262,0.512526528,0.476205366,0.493950533,0.21805647,39.25016468,0.253162752,TRUE,15.8251783,0.004805208,0.001081469,11.07762481,2.070469514,9.495106979,0.006361631,180,0.010242434,0.008924238,0.033234894,0.008924238,0.02050155,Wenk,0.6,175.315802,60.00742214,0,173.074541,108,2.72691115,291.6,161.4400654,15,0.111594521,20.08701376,76.58172312,206.7416577,564,396.508507,0.725,0.923076923,NA,NA,NA,NA,0.934156379,0.482978723,0.038949897,NA,NA,"Old (5, 7, 9, 32 yrs)",0.8491511,0.457335153,0.036881867,0.488571429,38.14285714,221.2653416,3.122710076,360.1932797,0.984007575,0.433180186,0.037764817,0.52628655,74.84210526,486.5837869,6.854584551,850.407763,0.012164327,10.35004754,0.085411568
20,Waratah2003,EPMI,EPMI_801,end,9,6195,1.271917299,1.265555668,496.0477467,1488.280073,986.7177582,16.88461538,0,1.17661612,4.953333333,4.25,1.174462698,458.0404521,0.014139919,5.514568528,0.02,599.8472109,0.111612661,43.52893798,3152.357878,10,1744.696402,80.61859714,5.611503281,0,80.61859714,0.03242587,57,1664.077805,5.083891038,0.703333333,745,735,0,79.82366589,74.21216261,986.7177582,906.0991611,582.1809124,906.0991611,0.06660548,1146.8,1066.181403,40,0.014366667,56.53232241,33,20,TRUE,2.4,6585,15,2.481036123,0.006361631,0.049142857,0.091092971,0.658682635,0.1081221,1260,42.16761905,0.128623651,50.1632237,1650,131.248938,1.157433568,451.3990915,0.049142857,0,4935,4080,2505,1.066340597,415.872833,223.2112004,61.92,123.1028571,0.041950113,35.5262585,370.3133772,0.989005218,0.984058602,0.913227406,0.010994782,0.126708007,0.6897,0.184681097,0.849854592,0.47211647,0.004946616,0.057006662,0.070831196,0.816285332,0.100013941,0.840608237,0.084072542,0.159391763,0.899986059,0.921297452,0.829154864,0.078702548,0.015941398,0.183714668,0.159107035,0.086772594,0.391176985,0.02050155,0.02050155,7.995604651,0.02050155,0.223287866,0.861523119,0.373537832,0.391176985,1.286057219,501.5623152,0.337008016,TRUE,88.73208607,0.001227467,0.000276256,33.75457488,6.758492107,5.255203275,0.006361631,390,0.002076026,0.001749347,0.009472259,0.001749347,0.02050155,Wenk,0.059225513,123.5994413,67.06711887,0,376.5171586,55,19.27014536,4640.1,2976.022195,855,0.111594521,43.52186315,582.1809124,2246.258717,5786.9,4042.203598,0.725,0.236363636,125.557,1.27705,168.2709444,1.372222222,0.247149846,0.198171733,0.013793856,8.362784212,0.085058528,"Old (5, 7, 9, 32 yrs)",0.265684749,0.207739871,0.014459852,0.485416667,-23.5,1031.02513,4.150582067,1909.070152,0.984007575,0.433180186,0.037764817,0.52628655,74.84210526,486.5837869,6.854584551,850.407763,0.012164327,10.35004754,0.085411568
21,Basin1981,EPMI,EPMI_901,end,32,9587,0.453065798,0.446704167,1249.55547,2582.145405,1293.592038,4.476069616,0,1.17661612,3.68,3.14,0.355611196,980.7756788,0.014139919,38.99789744,0.02,1124.542721,0.096514471,266.1869123,4565.352896,70,2015.682293,32.47480261,2.382014861,0,32.47480261,0.021555207,96,1983.207491,2.892464356,0.54,830,760,0,128.6479218,126.2659069,1293.592038,1261.117235,1321.02817,1261.117235,0.060697758,1753.9,1721.425197,40,0.013633333,81.53479646,38,37,TRUE,2.4,12345,15,17.54537853,0.006361631,0.049142857,0.091092971,0.423897582,0.047891817,1712,132.0856309,0.068393367,188.6289069,4470,408.2974783,0.39881235,1099.924461,0.049142857,0,7875,1800,10545,0.307719379,848.6900479,139.3490864,84.13257143,518.2114286,0.041950113,251.2344127,880.2558891,0.969735132,0.956118794,0.761144787,0.030264868,0.126708007,0.6897,0.289359487,0.73260066,0.565596015,0.013616338,0.057006662,0.194974007,0.816285332,0.146388121,0.700240664,0.102506915,0.299759336,0.853611879,0.771589394,0.658637872,0.228410606,0.043881206,0.183714668,0.28224617,0.238855213,0.511600999,0.02050155,0.02050155,56.54327597,0.02050155,0.389970178,0.975417025,0.401891239,0.511600999,0.467205717,1288.553367,0.499024325,TRUE,97.76985968,0.000721438,0.000162368,83.51423008,10.20507752,21.84279247,0.006361631,2758,0.011761242,0.008542143,0.029520867,0.008542143,0.02050155,Wenk,0.223410288,194.489944,112.9551476,0,304.9177173,35,10.63617609,5364.2,3380.992509,6075,0.111594521,307.7776887,1321.02817,3304.235661,7118.1,5102.417707,0.725,0.617002237,129.889,1.219,168.2709444,1.372222222,0.326963946,0.246400022,0.018073351,7.883971057,0.073990567,"Old (5, 7, 9, 32 yrs)",0.180500148,0.149541074,0.010968783,0.23047619,69.28571429,1059.047876,1.84995982,2509.089889,0.984007575,0.433180186,0.037764817,0.52628655,74.84210526,486.5837869,6.854584551,850.407763,0.012164327,10.35004754,0.085411568
22,Basin2005,GRBU,GRBU_002,end,7,136,222.703437,196.9037792,1336.220622,5230.444587,3760.703888,23.66666667,0,0.564398308,8.52,6.463333333,111.8768764,671.2612583,22.25334613,133.5200768,26.699,1268.294703,122.9157576,737.4945455,12240.64693,50,6151.399337,-858.8030097,-51.52818058,-858.8030097,0,0.012244576,80,7010.202347,24.20261164,2.056666667,630,580,3,609.366,660.8941806,3760.703888,3760.703888,610.9376894,4619.506898,0.515559167,10156.1,11014.90301,32,0.016666667,123,123,0,TRUE,5,142,2,611.3694469,101.8949078,76.09525,8.93165284,0.967741935,11.92646739,54,71.55880435,136.0747213,816.4483281,60,1140.213545,108.8820618,653.292371,0,5.396086957,82,80,62,99.95040899,599.7024539,99.52989491,0,0,3.535565883,53.58991704,329.5271536,0.909153991,0.803830687,0.456720875,0.090846009,0.167217927,0.4631,0.120070508,0.419386979,0.42730132,0.415970958,0.765667111,0.036462158,0.067114962,0.555505014,0.087646458,0.048688047,0.912353542,0.444494986,0.917969474,0.408032828,0.082030526,0.196169313,0.932885038,0.120070508,0.543279125,0.280997279,48.05300395,53.44909091,288.3180237,124.148254,0.192850504,1,0.357123232,0.280997279,244.9567832,1469.740699,0.280997279,TRUE,0.214860418,0.013514498,0.187848914,0.093812295,2.22386691,0.009078609,25.79965782,6,0.012244576,0.010907926,0.090846009,0.010907926,48.05300395,Wenk,0.042253521,186,63,0,211.8450595,215,57.01236684,13475.9,6465.697653,2,133.0799068,798.4794408,1469.740699,7621.140036,23632,17480.60066,0.725,0.1,151.5565,1.09865,145.372375,0.9683875,0.753649107,0.429760494,0.02578563,78.13634284,0.566419078,"Old (5, 7, 9, 32 yrs)",0.567050282,0.356760245,0.021405615,2.183333333,62,4865.147459,-41.68444673,10553.72306,0.931023693,0.419256665,0.030013324,2.361805556,131.9722222,10922.66037,219.6397678,17966.62954,0.014638889,131.1091364,0.762429249
23,Waratah2011,GRBU,GRBU_151,end,2.4,0,0,0,0,9914.040032,9914.040032,0,0,0.564398308,8,5.143333333,0,0,0,0,26.699,0,0,0,17756.35031,95,9616.857386,1774.547105,140.095824,0,1774.547105,0.09993873,45,7842.310282,29.48865544,2.856666667,400,305,0,1222.981579,1082.885755,9914.040032,8139.492927,1774.547105,8139.492927,0.798457917,15491.1,13716.5529,32,0.012666667,37,37,0,FALSE,5,0,2,0,0,0,0,0,0,0,0,0,0,0,0,0,0,0,0,0,0,0,0,0,0,0,0,0,0,0,1,1,1,0,0,0.4631,0.09993873,0.593406593,0.558337713,0,0,0,0,0,1,0,0,0,1,0,0,0,1,0,0,0.178993337,0,0,0,0,0,0,0.558337713,0.178993337,0,0,0,FALSE,0,0,0,0,0,0,0,0,0,0,0,0,0,Wenk,0,58,21,0,91,130,50.26548246,10963.2,3120.889718,0,0,0,1774.547105,9616.857386,26454.3,16837.44261,0.725,0,116.4905,0.865,145.372375,0.9683875,1.413008975,0.58557966,0.046229973,93.01276194,0.690666098,"Young (1.4, 2.4 yrs)",1.113920273,0.518708412,0.040950664,3.082666667,172.8,18171.66252,189.8265813,25182.5079,0.931023693,0.419256665,0.030013324,2.361805556,131.9722222,10922.66037,219.6397678,17966.62954,0.014638889,131.1091364,0.762429249
24,Wilunga2012,GRBU,GRBU_305,end,1.4,0,0,0,0,3209.1,3209.1,0,0,0.564398308,3.853333333,1.34,0,0,0,0,26.699,0,0,0,4574.43166,153,3704.117433,2338.785773,189.6312789,0,2338.785773,0.511273519,202,1365.33166,10.25147061,2.513333333,185,32,0,260.1972973,70.56601839,3209.1,870.3142269,2338.785773,870.3142269,1.126932157,3209.1,870.3142269,32,0.012333333,0,0,0,FALSE,5,0,2,0,0,0,0,0,0,0,0,0,0,0,0,0,0,0,0,0,0,0,0,0,0,0,0,0,0,0,1,1,1,0,0,0.4631,0.511273519,1,0.701529772,0,0,0,0,0,1,0,0,0,1,0,0,0,1,0,0,0.728798035,0,0,0,0,0,0,0.701529772,0.728798035,0,0,0,FALSE,0,0,0,0,0,0,0,0,0,0,0,0,0,Wenk,0,73.37178002,73.37178002,0,8,32,11.66173156,1415.9,50.56834035,0,0,0,2338.785773,3704.117433,4625,920.8825672,0.725,0,255.657,1.283,145.372375,0.9683875,2.266473621,0.693859459,0.056258875,288.1080943,1.445853957,"Young (1.4, 2.4 yrs)",1.86925211,0.641205466,0.051989632,4.792708333,311.25,23824.83622,997.1729867,27253.43153,0.931023693,0.419256665,0.030013324,2.361805556,131.9722222,10922.66037,219.6397678,17966.62954,0.014638889,131.1091364,0.762429249
25,Basin2007,GRBU,GRBU_402,end,5,0,0,0,0,4838.496484,4838.496484,0,0,0.564398308,7.58,5.246666667,0,0,0,0,26.699,0,0,0,13040.78688,145,6560.585412,-1641.704987,-102.6065617,-1641.704987,0,0,143,8202.290398,23.50609437,2.333333333,535,390,0,1043.1375,1145.744062,4838.496484,4838.496484,-1641.704987,6480.201471,0.543018681,16690.2,18331.90499,32,0.016,106.1822375,52,96,FALSE,5,0,2,0,0,0,0,0,0,0,0,0,0,0,0,0,0,0,0,0,0,0,0,0,0,0,0,0,0,0,1,1,1,0,0,0.4631,0,0.353493075,0.371027955,0,0,0,0,0,1,0,0,0,1,0,0,0,1,0,0,0,0,0,0,0,0,0,0.371027955,0,0,0,0,FALSE,0,0,0,0,0,0,0,0,0,0,0,0,0,Wenk,0,186.8911956,80.70895802,0,164.2399076,96,45.12615104,12577.2,4374.909602,0,0,0,0,6560.585412,29267.4,22706.81459,0.725,0,NA,NA,NA,NA,1.327020322,0.570265893,0.035641618,NA,NA,"Old (5, 7, 9, 32 yrs)",1.081703884,0.512669108,0.032041819,1.9,96.28571429,5635.31682,-69.10073469,12265.84415,0.931023693,0.419256665,0.030013324,2.361805556,131.9722222,10922.66037,219.6397678,17966.62954,0.014638889,131.1091364,0.762429249
26,Waratah2003,GRBU,GRBU_801,end,9,246,0,0,1027.626316,3615.192538,2587.566222,0,0,0.564398308,9,8.67,0,1027.626316,0,0,26.699,0,0,0,5269.979274,60,1420.043522,-234.7432138,-14.98360939,-234.7432138,0,0,88,1654.786736,4.579735231,0.33,970,910,6,224.8212766,239.804886,2587.566222,2587.566222,792.8831021,2822.309436,0.421715415,3522.2,3756.943214,32,0.015666667,57,57,0,TRUE,5,246,2,0,0,0,0,1,0,34,267.0411975,0,267.0411975,34,267.0411975,0,760.5851184,0,0,212,212,34,0,760.5851184,562.0274913,0,0,0,0,760.5851184,1,1,1,0,0,0.4631,0.194996273,0.751224939,0.685997487,0,0,0,0,0.259862163,1,0,0,0.740137837,1,0,0,0,1,0.194996273,0,0.284252168,0,0,0,0,0.419838616,1,0.609936572,0.284252168,0,1027.626316,0.284252168,TRUE,1.025833977,0,0,0.141781932,4.285260126,0,0,0,0,0,0,0,0,Wenk,0,111,54,0,229.122645,124,63.61725124,19400.8,17746.01326,0,0,0,1027.626316,2447.669838,22923,21502.95648,0.725,0,102.6175,0.81285,145.372375,0.9683875,0.181549214,0.153653536,0.009807672,43.27538158,0.342791375,"Old (5, 7, 9, 32 yrs)",0.313889926,0.23581217,0.015051841,0.936666667,69,6206.165861,-42.99815917,16925.99586,0.931023693,0.419256665,0.030013324,2.361805556,131.9722222,10922.66037,219.6397678,17966.62954,0.014638889,131.1091364,0.762429249
27,Basin1981,GRBU,GRBU_904,end,32,346,1619.347278,1593.708202,3238.694556,6104.730633,2821.806403,174,0,0.564398308,14.21333333,14.15,1482.894415,2965.788831,22.11483713,44.22967426,26.699,3144.250733,148.3,296.6,6588.075139,15,419.3101179,-64.03438799,-4.2689592,-64.03438799,0,0.01320533,60,483.3445059,1.410845627,0.063333333,985,970,8,243.5333333,247.8022925,2821.806403,2821.806403,3218.889842,2885.840791,0.510001938,3653,3717.034388,32,0.015,19,19,0,TRUE,5,348,2,254.8353185,127.4176592,101.7785833,9.035203255,0.270440252,35.52248736,84,71.04497472,185.0549837,370.1099675,86,834.1734457,1456.407131,2912.814262,0,5.396086957,262,30,318,1447.371928,2894.743856,39.61962726,0,0,3.639116299,18.07040651,2448.750784,0.986527355,0.970907697,0.903398502,0.013472645,0.139466217,0.4631,0.498313113,0.776382591,0.926633425,0.07762449,0.803553684,0.005504363,0.056980099,0.112737895,0.191956394,0.02164076,0.808043606,0.887262105,0.993796238,0.881757742,0.006203762,0.029092303,0.943019901,0.498313113,0.096601498,0.537767254,47.75391304,53.15,95.50782609,149.5324964,0.886741335,1,0.855691375,0.537767254,1641.462115,3282.92423,0.537767254,TRUE,1.404345361,0.036461338,0.603434677,1.283281106,13.24815923,0.00807095,25.63907591,2,0.01320533,0.006713596,0.013472645,0.006713596,47.75391304,Wenk,0.005747126,58,39,0,84.96655125,52,158.6652294,55387.2,54903.85549,232,158.5676996,317.1353993,3282.92423,3702.234348,59040.2,58620.88988,0.725,0.023255814,165.993,0.9111,145.372375,0.9683875,0.065953867,0.061873097,0.004124873,84.65675176,0.464662766,"Old (5, 7, 9, 32 yrs)",0.097206653,0.086720999,0.0057814,0.124166667,-17.5,1135.663753,-6.592667165,9260.182346,0.931023693,0.419256665,0.030013324,2.361805556,131.9722222,10922.66037,219.6397678,17966.62954,0.014638889,131.1091364,0.762429249
28,Basin2005,GRSP,GRSP_002,end,7,296,236.2330538,222.5655153,2362.330538,3956.676818,1516.830496,30.6,0,0.504070123,7.03,6.176666667,158.5578123,1585.578123,7.751578402,77.51578402,13.4755,1671.127858,75.66910797,756.6910797,7351.744722,40,2943.185212,-451.882692,-26.58133483,-451.882692,0,0.015536049,95,3395.067904,8.851192955,0.853333333,600,560,17,341.7117647,368.2930995,1516.830496,1516.830496,1987.96363,1968.713188,0.762515972,5809.1,6260.982692,20,0.017,41,41,0,TRUE,2.4,306,2,722.1403935,72.21403935,59.28711661,5.461202151,0.166666667,65.11558977,18,651.1558977,145.0812075,1450.812075,28,1529.662692,98.90342469,989.0342469,0.740615748,2.075477707,278,138,168,93.44222254,934.4222254,175.2384903,13.33108347,124.4234457,2.645108696,54.61202151,910.1836302,0.968229235,0.912211205,0.64986803,0.031770765,0.0907394,0.3619,0.331873101,0.314441564,0.538195621,0.295977819,0.845332174,0.022383386,0.063928426,0.594632564,0.448821669,0.26688398,0.551178331,0.405367436,0.944782477,0.38298405,0.055217523,0.087788795,0.936071574,0.331873101,0.35013197,0.616640285,21.41911689,23.49459459,214.1911689,79.96561775,0.453247637,1,0.319545787,0.616640285,243.9846322,2439.846322,0.616640285,TRUE,0.830859987,0.014828413,0.217124942,0.456158424,6.624740798,0.027152287,13.66753849,10,0.015536049,0.010543862,0.031770765,0.010543862,21.41911689,Wenk,0.032679739,79,38,0,59.80525923,138,38.81508409,11135.8,7740.732096,140,85.4268199,854.268199,2439.846322,5383.031534,16944.9,14001.71479,0.7425,0.357142857,132.6305,0.944,134.7331429,0.945657143,0.521659872,0.342822914,0.020166054,101.1328747,0.719815078,"Old (5, 7, 9, 32 yrs)",0.574367213,0.362351296,0.021314782,0.958333333,45.83333333,5212.119501,-55.13614002,13525.96758,1.324267778,0.521293758,0.031570439,2.061805556,134.7916667,9306.664172,203.7336617,13546.35274,0.016916667,291.0823037,1.295286958
29,Waratah2011,GRSP,GRSP_101,end,1.4,0,0,0,0,1443.207231,1443.207231,0,0,0.504070123,2.88,1.43,0,0,0,0,13.4755,0,0,0,1994.970331,142,1994.970331,1443.207231,94.1222107,0,1443.207231,0.723422904,173,551.7631003,4.908345822,1.45,240,98,0,118.976087,24.85387625,1443.207231,0,1443.207231,0,1.765333667,1824.3,381.0927692,20,0.015333333,10,10,0,FALSE,2.4,0,2,0,0,0,0,0,0,0,0,0,0,0,0,0,0,0,0,0,0,0,0,0,0,0,0,0,0,0,1,1,1,0,0,0.3619,0.723422904,0,0.723422904,0,0,0,0,0,1,0,0,0,1,0,0,0,1,0,0,1,0,0,0,0,0,0,0.723422904,1,0,0,0,FALSE,0,0,0,0,0,0,0,0,0,0,0,0,0,Wenk,0,77,67,0,10,98,6.514406526,623.6,71.83689966,0,0,0,1443.207231,1994.970331,2447.9,452.9296689,0.7425,0,280.906,1.054,134.7331429,0.945657143,2.92543297,0.745251031,0.048603328,495.892819,1.860661685,"Young (1.4, 2.4 yrs)",2.066381374,0.655204382,0.042730721,2.818333333,220.4,8419.759821,314.0048616,8895.720281,1.324267778,0.521293758,0.031570439,2.061805556,134.7916667,9306.664172,203.7336617,13546.35274,0.016916667,291.0823037,1.295286958
30,Waratah2011,GRSP,GRSP_151,end,2.4,40,0,0,17.3,7182.846766,7165.546766,0,0,0.504070123,4.916666667,2.813333333,0,17.3,0,0,13.4755,0,0,0,13617.87539,252,10995.72072,4560.692096,253.3717831,0,4560.692096,0.33533082,312,6435.028627,12.76960548,2.103333333,554,302,1,469.0777778,215.7059947,7165.546766,2604.85467,4577.992096,2604.85467,0.869265208,8443.4,3882.707904,20,0.018,26,26,0,TRUE,2.4,40,2,0,0,0,0,0,0,0,0,0,0,0,0,0,17.3,0,0,40,40,0,0,17.3,17.3,0,0,0,0,17.3,1,1,1,0,0,0.3619,0.336175208,0.670886076,0.527457225,0,0,0,0,0,1,0,0,1,1,0,0,0,1,0.001270389,0,0.637350656,0,0,0,0,0.001570868,0.003778949,0.526856148,0.637350656,0,17.3,0.002408516,TRUE,0.185437591,0,0,0,0.080201758,0,0,0,0,0,0,0,0,Wenk,0,97,71,4,79,75,18.98590977,7967.3,1532.271373,0,0,0,4577.992096,11013.02072,16410.7,5414.979277,0.7425,0,110.0575,0.9362,134.7331429,0.945657143,1.059756756,0.51450578,0.028583654,95.66915567,0.813806088,"Young (1.4, 2.4 yrs)",0.980868026,0.49231758,0.027350977,2.96,170.2857143,26196.95215,614.0625524,31879.50899,1.324267778,0.521293758,0.031570439,2.061805556,134.7916667,9306.664172,203.7336617,13546.35274,0.016916667,291.0823037,1.295286958
31,Basin2007,GRSP,GRSP_401,end,5,0,0,0,0,1073.514435,1073.514435,0,0,0.504070123,3.823333333,3.02,0,0,0,0,13.4755,0,0,0,2154.590564,35,1070.362768,-10.71335994,-0.584365088,-10.71335994,0,0,77,1081.076128,4.31770895,0.803333333,420,385,0,147.0927273,147.6770924,1073.514435,1073.514435,-10.71335994,1084.227795,0.545223333,2696.7,2707.41336,20,0.018333333,38,38,0,FALSE,2.4,0,2,0,0,0,0,0,0,0,0,0,0,0,0,0,0,0,0,0,0,0,0,0,0,0,0,0,0,0,1,1,1,0,0,0.3619,0,0.400466294,0.498245213,0,0,0,0,0,1,0,0,0,1,0,0,0,1,0,0,0,0,0,0,0,0,0,0.498245213,0,0,0,0,FALSE,0,0,0,0,0,0,0,0,0,0,0,0,0,Wenk,0,79,41,0,63.38259157,48,11.48085436,2142.4,1061.323872,0,0,0,0,1070.362768,4839.1,3768.737232,0.7425,0,NA,NA,NA,NA,1.258728529,0.557273047,0.030396712,NA,NA,"Old (5, 7, 9, 32 yrs)",1.091412654,0.519148714,0.028317203,1.282916667,65.625,2653.882712,-1.018930687,5528.05638,1.324267778,0.521293758,0.031570439,2.061805556,134.7916667,9306.664172,203.7336617,13546.35274,0.016916667,291.0823037,1.295286958
32,Waratah2003,GRSP,GRSP_801,end,9,64,0,0,435.7418485,9302.495731,8866.753883,0,0,0.504070123,9.18,7.816666667,0,435.7418485,0,0,13.4755,0,0,0,16424.52358,60,6048.055157,-1073.972691,-57.5342513,-1073.972691,0,0,158,7122.027848,18.19934224,1.363333333,730,670,12,692.1107143,749.6449656,8866.753883,8866.753883,-638.2308424,9940.726574,0.725319167,12919.4,13993.37269,20,0.018666667,54,54,0,TRUE,2.4,64,2,0,0,0,0,0.15,0,6,169.3253827,0,169.3253827,6,169.3253827,0,266.4164658,0,0,58,24,40,0,266.4164658,90.04587597,0,0,0,0,266.4164658,1,1,1,0,0,0.3619,0.026529954,0.710388181,0.566378421,0,0,0,0,0.388591051,1,0,0,0.611408949,1,0,0,0,1,0.026529954,0,0.046841392,0,0,0,0,0.067204733,1,0.554560944,0.046841392,0,435.7418485,0.046841392,TRUE,0.085373747,0,0,0.053358592,0.58126429,0,0,0,0,0,0,0,0,Wenk,0,103,49,0,186.4564789,168,66.18738819,19803.5,12681.47215,34,0,0,435.7418485,6483.797005,32722.9,26674.84484,0.7425,0,88.425,0.9026,134.7331429,0.945657143,0.65237963,0.394812196,0.021150653,64.13634731,0.65467308,"Old (5, 7, 9, 32 yrs)",0.456235028,0.306356031,0.01641193,0.838095238,10,6063.177151,-65.76443612,17681.95804,1.324267778,0.521293758,0.031570439,2.061805556,134.7916667,9306.664172,203.7336617,13546.35274,0.016916667,291.0823037,1.295286958
33,Basin2005,HATE,HATE_001,end,7,40,0,0,135.590753,7768.848687,7633.257934,0,0,0.193845202,7.706666667,6.236666667,0,135.590753,0,0,8.176,0,0,0,12674.61234,15,7689.527687,2783.764036,53.43117152,0,2783.764036,0.222008074,103,4905.763651,16.09807054,1.47,740,725,0,267.5163148,214.0851433,7633.257934,4849.493897,2919.354789,4849.493897,0.725750156,13937.6,11153.83596,40,0.0521,65,65,0,TRUE,7,40,2,0,0,0,0,0,0,0,0,0,0,0,0,0,135.590753,0,0,40,34,6,0,135.590753,68.6071123,0,0,0,0,135.590753,1,1,1,0,0,0.811,0.230330894,0.434782609,0.612945665,0,0,0,0,0,1,0,0,1,1,0,0,0,1,0.010697822,0,0.375777018,0,0,0,0,0.017327629,0.046445452,0.608760252,0.375777018,0,135.590753,0.017453133,TRUE,0.18684155,0,0,0.028026233,0.633349661,0,0,0,0,0,0,0,0,Wenk,0,106,41,0,115,140,46.64692623,9978.5,5072.736349,6,0,0,2919.354789,7825.11844,23916.1,16226.57231,0.574285714,0,137.298,0.805366667,111.1046667,0.697644444,1.396763041,0.582770602,0.011185616,99.64404495,0.584494984,"Old (5, 7, 9, 32 yrs)",1.049255201,0.490143511,0.009407745,2.823333333,142.8571429,54843.61671,248.2781201,94068.46402,1.594822252,0.554460559,0.011462007,2.423475177,230.3617021,50443.91895,150.3773417,92581.75109,0.051601809,113.2899381,0.706280835
34,Waratah2011,HATE,HATE_103,end,1.4,0,0,0,0,13415.20663,13415.20663,0,0,0.193845202,7.78,2.96,0,0,0,0,8.176,0,0,0,20957.11595,275,20957.11595,13415.20663,332.8835393,0,13415.20663,0.640126564,319,7541.909318,40.65754964,4.82,490,215,0,438.9776675,106.0941282,13415.20663,0,13415.20663,0,1.288728456,17690.8,4275.593368,40,0.0403,20,20,0,FALSE,7,0,2,0,0,0,0,0,0,0,0,0,0,0,0,0,0,0,0,0,0,0,0,0,0,0,0,0,0,0,1,1,1,0,0,0.811,0.640126564,0,0.640126564,0,0,0,0,0,1,0,0,0,1,0,0,0,1,0,0,1,0,0,0,0,0,0,0.640126564,1,0,0,0,FALSE,0,0,0,0,0,0,0,0,0,0,0,0,0,Wenk,0,60,40,0,20,215,47.53889419,7853.5,311.5906822,0,0,0,13415.20663,20957.11595,25544.3,4587.18405,0.574285714,0,116.061,0.7029,111.1046667,0.697644444,2.252600751,0.69255372,0.017184956,149.5711133,0.905847232,"Young (1.4, 2.4 yrs)",2.866597955,0.73400787,0.018213595,2.487380952,319.8571429,6185.357291,103.4815624,6550.346969,1.594822252,0.554460559,0.011462007,2.423475177,230.3617021,50443.91895,150.3773417,92581.75109,0.051601809,113.2899381,0.706280835
35,Waratah2011,HATE,HATE_151,end,2.4,0,0,0,0,2761.839028,2761.839028,0,0,0.193845202,3.533333333,2.42,0,0,0,0,8.176,0,0,0,4033.018323,233,3532.398812,2261.219517,42.90739122,0,2261.219517,0.560676728,245,1271.179295,5.205653934,1.113333333,488,255,0,76.68311195,33.77572073,2761.839028,500.6195108,2261.219517,500.6195108,1.802174028,4041.2,1779.980483,40,0.0527,23,23,0,FALSE,7,0,2,0,0,0,0,0,0,0,0,0,0,0,0,0,0,0,0,0,0,0,0,0,0,0,0,0,0,0,1,1,1,0,0,0.811,0.560676728,0.28125,0.684806963,0,0,0,0,0,1,0,0,0,1,0,0,0,1,0,0,0.818736898,0,0,0,0,0,0,0.684806963,0.818736898,0,0,0,FALSE,0,0,0,0,0,0,0,0,0,0,0,0,0,Wenk,0,57,34,0,32,255,9.805259738,1729,457.8207052,0,0,0,2261.219517,3532.398812,5770.2,2237.801188,0.574285714,0,104.88625,0.70375,111.1046667,0.697644444,2.3373048,0.700357007,0.013289507,189.0232756,1.268279972,"Young (1.4, 2.4 yrs)",1.673109624,0.607089322,0.011519721,2.218888889,439.8333333,13683.87393,125.5822286,14593.89508,1.594822252,0.554460559,0.011462007,2.423475177,230.3617021,50443.91895,150.3773417,92581.75109,0.051601809,113.2899381,0.706280835
36,Basin2007,HATE,HATE_401,end,5,24,0,0,45.76869875,6770.405847,6724.637148,0,0,0.193845202,6.613333333,4.636666667,0,45.76869875,0,0,8.176,0,0,0,12575.62223,260,9440.427246,3635.210863,66.6603459,0,3635.210863,0.290123971,410,5805.216383,17.46529166,1.976666667,850,590,0,222.2292176,155.5688717,6724.637148,3089.426285,3680.979562,3089.426285,0.991691066,12118.9,8483.689137,40,0.054533333,44,44,0,FALSE,7,24,2,0,0,0,0,0,0,0,0,0,0,0,0,0,45.76869875,0,0,24,24,0,0,45.76869875,45.76869875,0,0,0,0,45.76869875,1,1,1,0,0,0.811,0.292707549,0.364160713,0.538375416,0,0,0,0,0,1,0,0,1,1,0,0,0,1,0.003639478,0,0.543686692,0,0,0,0,0.004824768,0.012433837,0.536689206,0.543686692,0,45.76869875,0.006760112,TRUE,0.154272508,0,0,0,0.294202164,0,0,0,0,0,0,0,0,Wenk,0,115,71,0,69.19987629,202,34.3503137,8430.7,2625.483617,0,0,0,3680.979562,9486.195944,20549.6,11109.17275,0.574285714,0,NA,NA,NA,NA,1.43747257,0.589738973,0.010814284,NA,NA,"Old (5, 7, 9, 32 yrs)",1.403458046,0.583170613,0.010693838,1.717222222,193.3333333,8738.349016,63.51019365,12018.53441,1.594822252,0.554460559,0.011462007,2.423475177,230.3617021,50443.91895,150.3773417,92581.75109,0.051601809,113.2899381,0.706280835
37,Waratah2003,HATE,HATE_801,end,9,313,3895.453863,3893.652218,3895.453863,58106.70467,54203.51994,314,0,0.193845202,13.94666667,12.18333333,3724.416612,3724.416612,7.73086814,7.73086814,8.176,3505.477195,170.7419275,170.7419275,78634.66496,75,28375.61216,7847.651872,123.0521658,0,7847.651872,0.105103902,228,20527.96029,36.18792724,1.763333333,1320,1245,0,881.0693846,758.0172188,54203.51994,46355.86807,11750.8366,46355.86807,0.508374853,56190.2,48342.54813,40,0.063775,3,3,0,TRUE,7,314,2,159.8733116,159.8733116,158.0716667,11.16394011,0.024647887,484.784449,6,484.784449,652.3886288,652.3886288,7,674.352863,3250.796103,3250.796103,0,3.13774775,307,30,284,3239.632163,3239.632163,80.23711146,0,0,8.026192361,11.16394011,3228.831869,0.998019344,0.99755776,0.954199421,0.001980656,0.043245228,0.811,0.149435832,0.95890411,0.738945155,0.040959709,0.894305493,0.002860213,0.062449279,0.167142647,0.743091507,0.124202282,0.256908493,0.832857353,0.996565783,0.82999714,0.003434217,0.00244224,0.937550721,0.049636947,0.045800579,0.202228584,9.53251312,12.67026087,9.53251312,167.6041798,0.12092101,0.332162285,0.725338815,0.202228584,3903.184732,3903.184732,0.067172708,TRUE,0.414238611,0.014727819,0.221108671,0.374661674,5.149203257,0.001319231,1.80164498,1,0.000103438,9.83E-05,0.000657899,9.83E-05,9.53251312,Wenk,0.003184713,44,41,0,73,125,152.7674128,61816.7,41288.73971,277,178.7681199,178.7681199,11750.8366,32278.79689,118006.9,89631.28784,0.574285714,0.142857143,106.3205,0.669725,111.1046667,0.697644444,0.908980906,0.476160292,0.007466253,54.05066853,0.340471348,"Old (5, 7, 9, 32 yrs)",0.916184735,0.476855063,0.007477147,3.170952381,171.4285714,77524.8267,252.2908304,132380.2753,1.594822252,0.554460559,0.011462007,2.423475177,230.3617021,50443.91895,150.3773417,92581.75109,0.051601809,113.2899381,0.706280835
38,Basin1981,HATE,HATE_901,end,32,5581,3621.267283,3618.699043,68804.07837,361130.5712,292117.1065,294.7368421,0,0.193845202,37.56333333,34.49,3371.277411,64054.27081,11.02032868,209.3862449,8.176,62518.06462,252.9840081,4806.696154,654245.2351,405,305733.4046,12618.74066,217.2648186,0,12618.74066,0.021911898,250,293114.6639,173.9216411,3.073333333,2785,2380,0,8484.548898,8267.284079,292117.1065,279498.3659,81632.20528,279498.3659,0.493173944,492782.6,480163.8593,40,0.05808,28,28,0,TRUE,7,5600,2,4537.692702,238.8259317,236.2576923,11.16394011,0.004642857,87.72313747,7,1666.739612,337.5693978,6413.818559,26,6495.4,3294.718214,62599.64606,0,3.13774775,5574,0,5600,3283.554274,62387.5312,0,0,0,8.026192361,212.1148621,62518.06462,0.996966009,0.99625895,0.928141648,0.003033991,0.042221831,0.811,0.124773099,0.582089552,0.551980438,0.065750832,0.915006123,0.003073529,0.042772045,0.092935757,0.259866973,0.024150934,0.740133027,0.907064243,0.996611565,0.903990715,0.003388435,0.00374105,0.957227955,0.105485621,0.071858352,0.226046233,13.58856804,16.72631579,258.1827928,249.8462603,0.184160217,0.845419579,0.499326857,0.226046233,3632.287611,69013.46462,0.191103911,TRUE,0.677368764,0.001350376,0.030221081,0.677368764,8.347779507,0.002298215,2.56823936,19,0.000357655,0.000320042,0.002564996,0.000320042,13.58856804,Wenk,0.003392857,52,24,10,67,475,1108.199959,1359000,1065885.336,5574,261.0102005,4959.193809,81632.20528,374746.8692,1851782.6,1546049.195,0.574285714,0.730769231,98.745,0.634725,111.1046667,0.697644444,0.36260677,0.266112556,0.004581828,48.69846114,0.313029832,"Old (5, 7, 9, 32 yrs)",0.372398417,0.267569498,0.004606913,1.929047619,50,174736.6782,140.0651428,347182.4286,1.594822252,0.554460559,0.011462007,2.423475177,230.3617021,50443.91895,150.3773417,92581.75109,0.051601809,113.2899381,0.706280835
39,Basin2005,HEPU,HEPU_001,end,7,44,0,0,74.24388878,459.3438888,385.1,0,0,0.533291179,2.05,1.756666667,0,74.24388878,0,0,0.29716,0,0,0,627.9387113,-15,163.9744727,-4.620349772,-0.213905082,-4.620349772,0,0,30,168.5948225,0.876993043,0.293333333,210,225,0,17.8287037,18.04260879,385.1,385.1,69.62353901,389.7203498,0.087832961,385.1,389.7203498,20,0.0216,0,0,0,TRUE,1.4,44,4,0,0,0,0,0.636363636,0,28,37.76339215,0,37.76339215,28,37.76339215,0,36.48049663,0,0,16,0,44,0,36.48049663,0,0,0,0,0,36.48049663,1,1,1,0,0,0.2833,0.118234292,1,0.731510704,0,0,0,0,0.508639738,1,0,0,0.491360262,1,0,0,0,1,0.118234292,0,0.161630296,0,0,0,0,0.311663166,1,0.695509484,0.161630296,0,74.24388878,0.161630296,TRUE,2.438671731,0,0,2.438671731,4.114919836,0,0,0,0,0,0,0,0,Henery,0,44.39822951,44.39822951,0,90.85987978,73,3.300635782,489.5,320.9051775,16,0,0,74.24388878,238.2183615,874.6,710.6255273,0.83,0,170.265,1.674,133.587625,1.3311375,0.786721144,0.440315573,0.02038498,14.95487908,0.147032376,"Old (5, 7, 9, 32 yrs)",0.527054024,0.335112059,0.015514447,0.371944444,-4.166666667,344.9564077,-0.220589037,805.7565119,0.774538526,0.401372425,0.022818039,0.719711329,63.41176471,654.6623237,8.521176961,979.3611319,0.020466667,14.04711571,0.111747644
40,Waratah2011,HEPU,HEPU_106,end,1.4,36,0,0,36.56588105,1709.567789,1673.001908,0,0,0.533291179,4.823333333,0.89,0,36.56588105,0,0,0.29716,0,0,0,5910.705247,308,5411.117914,1209.980457,105.5215515,0,1209.980457,0.205984295,150,4201.137458,17.64981659,3.933333333,420,112,0,160.6744186,55.15286714,1673.001908,463.0214513,1246.546338,463.0214513,0.069185238,1842.4,632.4195432,20,0.011466667,15.99873536,0,30,TRUE,1.4,36,4,0,0,0,0,0.6,0,12,8.241176471,0,8.241176471,12,8.241176471,0,28.32470458,0,0,24,16,20,0,28.32470458,11.3375,0,0,0,0,28.32470458,1,1,1,0,0,0.2833,0.21089638,0.732142857,0.289232455,0,0,0,0,0.225378857,1,0,0,0.774621143,1,0,0,0,1,0.006186382,0,0.729158765,0,0,0,0,0.006712189,0.029333752,0.284808004,0.729158765,0,36.56588105,0.021388962,TRUE,0.652731252,0,0,0.362628473,0.662991481,0,0,0,0,0,0,0,0,Henery,0,95.99241218,79.99367682,0,59.72861202,112,18.27193048,4242.9,41.76254228,8,0,0,1246.546338,5447.683796,6085.3,674.1820855,0.83,0,372.113,1.5551,133.587625,1.3311375,0.434231304,0.302762395,0.026403697,25.7447265,0.107589964,"Young (1.4, 2.4 yrs)",1.19546474,0.51434825,0.044855952,1.246481482,137.75,1050.044303,29.82326903,1159.904137,0.774538526,0.401372425,0.022818039,0.719711329,63.41176471,654.6623237,8.521176961,979.3611319,0.020466667,14.04711571,0.111747644
41,Waratah2011,HEPU,HEPU_151,end,2.4,4,0,0,5.253146294,284.9844424,279.7312961,0,0,0.533291179,2.153333333,1.24,0,5.253146294,0,0,0.29716,0,0,0,589.2182774,32,411.6333814,107.3995464,4.808934912,0,107.3995464,0.183914314,70,304.233835,2.434140895,0.913333333,247,215,0,22.40597015,17.59703524,279.7312961,172.3317497,112.6526927,172.3317497,0.093616542,500.4,393.0004536,20,0.022333333,55.99557377,0,105,TRUE,1.4,4,4,0,0,0,0,1,0,4,2.747058824,0,2.747058824,4,2.747058824,0,2.50608747,0,0,0,0,4,0,2.50608747,0,0,0,0,0,2.50608747,1,1,1,0,0,0.2833,0.191190085,0.438502674,0.483665313,0,0,0,0,0.522935907,1,0,0,0.477064093,1,0,0,0,1,0.00891545,0,0.395294184,0,0,0,0,0.012600902,0.046631342,0.479020546,0.395294184,0,5.253146294,0.018433098,TRUE,0.227311018,0,0,0.227311018,0.298524508,0,0,0,0,0,0,0,0,Henery,0,93.32595628,37.33038251,0,99.72545043,47,3.641769111,390.6,86.36616496,0,0,0,112.6526927,416.8865277,891,479.3666186,0.83,0,85.55366667,1.256,133.587625,1.3311375,1.281105991,0.561616162,0.025146992,8.0092384,0.117582376,"Young (1.4, 2.4 yrs)",1.003641423,0.497437131,0.022273304,0.887619048,94.14285714,773.8854515,7.75581887,947.2074448,0.774538526,0.401372425,0.022818039,0.719711329,63.41176471,654.6623237,8.521176961,979.3611319,0.020466667,14.04711571,0.111747644
42,Basin2007,HEPU,HEPU_402,end,5,96,4.79678827,4.231860035,191.8715308,576.7723123,375.9684991,3.4,0,0.533291179,2.213333333,1.753333333,3.048242264,121.9296905,0.223307059,8.932282353,0.29716,160.9720169,0.788235294,31.52941176,935.1268194,92,360.008568,1.654060799,0.074395538,0,1.654060799,0.014243213,83,358.3545072,1.433089849,0.46,412,320,0,24.89055472,24.81615918,375.9684991,374.3144383,202.457874,374.3144383,0.079400298,553.4,551.7459392,20,0.022233333,34,34,0,TRUE,1.4,136,4,22.59712941,0.564928235,0.557095903,1.183617771,0.76,0.635081232,36,25.40324928,1.423316526,56.93266105,76,99.27194971,3.596778803,143.8711521,0.557095903,0,60,36,100,2.413161032,96.52644126,25.509375,20.05545252,55.70959035,0.626521868,47.34471084,101.5318634,0.955517367,0.842983999,0.607208044,0.044482633,0.113247312,0.2833,0.21650312,0.678418112,0.616785125,0.112533368,0.286496111,0.235775955,0.600256577,0.283523804,0.446198172,0.126507803,0.553801828,0.716476196,0.670922835,0.48070024,0.329077165,0.157016001,0.399743423,0.214734311,0.392791956,0.351018712,0.788235294,0.788235294,31.52941176,0.788235294,0.358058809,0.991830099,0.517858113,0.351018712,5.020095329,200.8038132,0.348150923,TRUE,5.480300114,0.047695446,0.031762985,4.029632437,8.091655589,1.611852975,0.564928235,40,0.012017785,0.009551948,0.044119214,0.009551948,0.788235294,Henery,0.294117647,78.26316784,44.26316784,0,105.7273474,142,3.847543429,760.6,402.2454928,24,1.971853065,78.87412261,202.457874,560.8123811,1314,953.991432,0.83,0.526315789,NA,NA,NA,NA,0.727583487,0.421156773,0.018942584,NA,NA,"Old (5, 7, 9, 32 yrs)",0.580322109,0.351425045,0.015806224,0.371666667,26.66666667,243.1545967,0.041452592,555.7902582,0.774538526,0.401372425,0.022818039,0.719711329,63.41176471,654.6623237,8.521176961,979.3611319,0.020466667,14.04711571,0.111747644
43,Waratah2003,HEPU,HEPU_801,end,9,112,4.189514416,3.62458618,217.8547496,679.9145872,450.4478705,3.153846154,0,0.533291179,3.393333333,2.243333333,2.440968409,126.9303573,0.223307059,11.61196706,0.29716,194.1133145,0.788235294,40.98823529,2059.201943,23,1372.947492,-6.339864467,-0.240146381,-6.339864467,0,0.006306234,52,1379.287356,5.091081795,1.15,703,680,0,19.4280303,19.66817668,450.4478705,450.4478705,223.1268522,456.787735,0.066062835,512.9,519.2398645,20,0.0264,18,18,0,TRUE,1.4,164,4,29.37626824,0.564928235,0.557095903,1.183617771,0.833333333,0.467482452,38,24.30908753,1.255717747,65.29732282,90,115.4359541,3.157103728,164.1693939,0.557095903,0,74,56,108,1.973485957,102.6212698,39.68125,21.16964433,60.16635757,0.626521868,61.5481241,114.0307625,0.949395855,0.82137612,0.553153674,0.050604145,0.113247312,0.2833,0.111434781,0.879723932,0.33018354,0.128019735,0.286496111,0.268222446,0.600256577,0.284561194,0.372283066,0.105937314,0.627716934,0.715438806,0.625093797,0.44721636,0.374906203,0.17862388,0.399743423,0.111434781,0.446846326,0.337493446,0.788235294,0.788235294,40.98823529,0.788235294,0.143200625,1,0.250935749,0.337493446,4.412821475,229.4667167,0.337493446,TRUE,8.338342828,0.060179334,0.040076684,5.491103814,11.66690336,2.643864799,0.564928235,52,0.006306234,0.005639062,0.050604145,0.005639062,0.788235294,Henery,0.317073171,45.7311413,27.7311413,0,149.6557065,280,9.043632959,2035.9,656.6126438,18,1.971853065,102.5363594,229.4667167,1602.414208,2548.8,1175.852508,0.83,0.577777778,89.88733333,1.217333333,133.587625,1.3311375,0.251927894,0.201231952,0.007622422,5.938212076,0.080420491,"Old (5, 7, 9, 32 yrs)",0.442977887,0.27579913,0.010446937,0.546190476,37.14285714,701.7571989,-0.29743557,1317.044665,0.774538526,0.401372425,0.022818039,0.719711329,63.41176471,654.6623237,8.521176961,979.3611319,0.020466667,14.04711571,0.111747644
44,Basin2005,LEES,LEES_001,end,7,15,0,0,27.08509044,2303.935031,2276.849941,0,0,0.549256411,4.283333333,3.54,0,27.08509044,0,0,0.8064,0,0,0,3441.694167,87,1246.019228,108.2600927,7.732863765,0,108.2600927,0.031704974,83,1137.759135,4.567360846,0.743333333,342,255,0,168.8285714,161.0957077,2276.849941,2168.589848,135.3451832,2168.589848,0.343949333,2363.6,2255.339907,40,0.014,3,3,0,TRUE,2.4,15,1,0,0,0,0,0.454545455,0,5,10.89516129,0,10.89516129,5,10.89516129,0,16.18992915,0,0,10,4,11,0,16.18992915,9.782236842,0,0,0,0,16.18992915,1,1,1,0,0,0.1071,0.039325163,0.961535705,0.669418873,0,0,0,0,0.402256781,1,0,0,0.597743219,1,0,0,0,1,0.007869697,0,0.058745226,0,0,0,0,0.02127484,0.200118614,0.666796664,0.058745226,0,27.08509044,0.011756013,TRUE,0.093112351,0,0,0.06828239,0.168130429,0,0,0,0,0,0,0,0,Wenk,0,44.19423082,41.19423082,8,77.99441035,85,14.40965647,2862.2,1724.440865,6,0,0,135.3451832,1273.104319,5225.8,3979.780772,0.79,0,158.9455,0.832,153.1765556,0.8486,0.825798337,0.452294386,0.032306742,54.66919876,0.286165845,"Old (5, 7, 9, 32 yrs)",0.466361007,0.311077498,0.022219821,0.437619048,42.28571429,551.5077821,2.797631695,1520.871546,0.911516617,0.416892398,0.034789463,0.682051282,88.35897436,879.5121952,13.80131927,1943.967685,0.01291453,60.84332659,0.331664696
45,Waratah2011,LEES,LEES_102,end,1.4,0,0,0,0,78.9,78.9,0,0,0.549256411,0.793333333,0.32,0,0,0,0,0.8064,0,0,0,107.5508456,43,90.24286613,61.59202055,6.599145059,0,61.59202055,0.572678162,45,28.65084559,0.413887379,0.473333333,73,30,0,8.453571429,1.85442637,78.9,17.30797945,61.59202055,17.30797945,0.272151503,78.9,17.30797945,40,0.009333333,0,0,0,FALSE,2.4,0,1,0,0,0,0,0,0,0,0,0,0,0,0,0,0,0,0,0,0,0,0,0,0,0,0,0,0,0,1,1,1,0,0,0.1071,0.572678162,1,0.733606506,0,0,0,0,0,1,0,0,0,1,0,0,0,1,0,0,0.780633974,0,0,0,0,0,0,0.733606506,0.780633974,0,0,0,FALSE,0,0,0,0,0,0,0,0,0,0,0,0,0,Wenk,0,17.02694874,17.02694874,14,4.394051287,30,0.494312151,30.5,1.849154414,0,0,0,61.59202055,90.24286613,109.4,19.15713387,0.79,0,65.5685,0.7675,153.1765556,0.8486,2.586885246,0.721206581,0.077272134,17.84456579,0.208876278,"Young (1.4, 2.4 yrs)",1.90520859,0.651198682,0.069771287,1.039583333,186.125,616.9958227,38.91216412,183.6900277,0.911516617,0.416892398,0.034789463,0.682051282,88.35897436,879.5121952,13.80131927,1943.967685,0.01291453,60.84332659,0.331664696
46,Waratah2011,LEES,LEES_152,end,2.4,138,0,0,174.2625,639.8903565,465.6278565,0,0,0.549256411,2.46,1.523333333,0,174.2625,0,0,0.8064,0,0,0,1254.775835,147,992.4057924,377.5203135,29.04002412,0,377.5203135,0.349389777,153,614.8854789,2.930364181,0.936666667,312,165,0,78.17692308,49.13689896,465.6278565,88.10754296,551.7828135,88.10754296,0.560173,1016.3,638.7796865,40,0.013,68.65705137,0,125,TRUE,2.4,138,1,0,0,0,0,0,0,0,0,0,0,0,0,0,174.2625,0,0,138,138,0,0,174.2625,174.2625,0,0,0,0,174.2625,1,1,1,0,0,0.1071,0.439746127,0.137931034,0.509963882,0,0,0,0,0,1,0,0,1,1,0,0,0,1,0.138879388,0,0.862308375,0,0,0,0,0.149367649,0.315817194,0.430932078,0.862308375,0,174.2625,0.272331812,TRUE,2.808480041,0,0,0,3.546469226,0,0,0,0,0,0,0,0,Wenk,0,152.6932822,84.03623087,0,79.64217959,174,4.752915526,836.8,221.9145211,0,0,0,551.7828135,1166.668292,1853.1,860.6942076,0.79,0,229.017,1.174,153.1765556,0.8486,1.214507648,0.548432357,0.042187104,128.2891399,0.657643102,"Young (1.4, 2.4 yrs)",1.288005525,0.550203181,0.042323322,1.014,145.4,1289.853929,32.52322685,1781.174854,0.911516617,0.416892398,0.034789463,0.682051282,88.35897436,879.5121952,13.80131927,1943.967685,0.01291453,60.84332659,0.331664696
47,Basin2005,PELA,PELA_001,end,7,0,0,0,0,7448.75712,7448.75712,0,0,0.217086318,7.316666667,5.473333333,0,0,0,0,14.392,0,0,0,11465.18666,205,8164.563633,4148.134098,191.452343,0,4148.134098,0.361802579,218,4016.429535,18.51673036,1.843333333,570,365,0,892.2,700.747657,7448.75712,3300.623022,4148.134098,3300.623022,10.04519104,19331,15182.8659,40,0.021666667,36,36,0,FALSE,9,0,1,0,0,0,0,0,0,0,0,0,0,0,0,0,0,0,0,0,0,0,0,0,0,0,0,0,0,0,1,1,1,0,0,0.0318,0.361802579,0.217391304,0.649684767,0,0,0,0,0,1,0,0,0,1,0,0,0,1,0,0,0.556889429,0,0,0,0,0,0,0.649684767,0.556889429,0,0,0,FALSE,0,0,0,0,0,0,0,0,0,0,0,0,0,Wenk,0,63,27,0,46,160,42.04519985,6587.2,2570.770465,0,0,0,4148.134098,8164.563633,25918.2,17753.63637,0.6675,0,117.167,0.74085,172.93,0.9440375,2.934630799,0.745846548,0.034423687,1176.964899,7.441979783,"Old (5, 7, 9, 32 yrs)",1.924860103,0.650903062,0.03004168,2.735714286,190.7142857,20373.1953,351.1476805,28651.47489,3.00299925,0.667662316,0.034500315,1.306530612,80,10806.19116,134.9178242,17559.79264,0.020346939,1129.289756,4.973994794
48,Basin2007,PELA,PELA_401,end,5,0,0,0,0,4111.379838,4111.379838,0,0,0.217086318,4.49,3.306666667,0,0,0,0,14.392,0,0,0,5349.538451,120,4641.268424,3403.109811,134.333282,0,3403.109811,0.636150173,120,1238.158612,7.246127089,1.183333333,303,183,0,330.0394737,195.7061917,4111.379838,708.270027,3403.109811,708.270027,16.70716458,8361,4957.890189,40,0.025333333,18,18,0,FALSE,9,0,1,0,0,0,0,0,0,0,0,0,0,0,0,0,0,0,0,0,0,0,0,0,0,0,0,0,0,0,1,1,1,0,0,0.0318,0.636150173,0.142857143,0.768548516,0,0,0,0,0,1,0,0,0,1,0,0,0,1,0,0,0.827729362,0,0,0,0,0,0,0.768548516,0.827729362,0,0,0,FALSE,0,0,0,0,0,0,0,0,0,0,0,0,0,Wenk,0,31,13,0,21,183,15.83370551,2005.1,766.9413878,0,0,0,3403.109811,4641.268424,10366.1,5724.831576,0.6675,0,NA,NA,NA,NA,4.16986684,0.80657142,0.031838346,NA,NA,"Old (5, 7, 9, 32 yrs)",3.443829702,0.769730497,0.030384099,1.38952381,111.8571429,6001.563992,158.1977696,6609.820916,3.00299925,0.667662316,0.034500315,1.306530612,80,10806.19116,134.9178242,17559.79264,0.020346939,1129.289756,4.973994794
49,Waratah2003,PELA,PELA_801,end,9,0,0,0,0,9783.712422,9783.712422,0,0,0.217086318,8.243333333,6.283333333,0,0,0,0,14.392,0,0,0,18548.83574,115,11507.9793,2742.85598,117.5509706,0,2742.85598,0.147872137,138,8765.123321,22.36206595,1.96,700,585,0,1154.82,1037.269029,9783.712422,7040.856442,2742.85598,7040.856442,5.124308222,26945.8,24202.94402,40,0.023333333,39,39,0,FALSE,9,0,1,0,0,0,0,0,0,0,0,0,0,0,0,0,0,0,0,0,0,0,0,0,0,0,0,0,0,0,1,1,1,0,0,0.0318,0.147872137,0.290909091,0.527456955,0,0,0,0,0,1,0,0,0,1,0,0,0,1,0,0,0.280349203,0,0,0,0,0,0,0.527456955,0.280349203,0,0,0,FALSE,0,0,0,0,0,0,0,0,0,0,0,0,0,Wenk,0,72,33,0,55,174,53.3698036,14891.2,6126.076679,0,0,0,2742.85598,11507.9793,41837,30329.0207,0.6675,0,153.3285,1.08225,172.93,0.9440375,1.809511658,0.644066257,0.02760284,785.7024933,5.545782574,"Old (5, 7, 9, 32 yrs)",1.163621485,0.515961664,0.022112643,2.069047619,130,26717.4985,219.7938147,42389.07334,3.00299925,0.667662316,0.034500315,1.306530612,80,10806.19116,134.9178242,17559.79264,0.020346939,1129.289756,4.973994794
50,Basin1981,PELA,PELA_901,end,32,100,1243.331086,1129.480472,2486.662171,6720.436291,4226.295398,51,0,0.217086318,16.5,16.44333333,946.5215186,1893.043037,3.739361186,7.478722372,14.392,1839.160296,284.0246115,568.0492229,8451.137953,0,1473.553746,-257.1479162,-10.94246452,-257.1479162,0,0.001253878,68,1730.701662,1.466172565,0.056666667,2140,2140,0,444.8212766,455.7637411,4226.295398,4226.295398,2236.992977,4483.443314,3.976438205,10453.3,10710.44792,40,0.0235,25,25,0,TRUE,9,102,1,557.5571672,278.7785836,164.9279704,18.0309833,0.095744681,50.01393399,7,100.027868,332.5318788,665.0637576,9,678.6237576,914.5385679,1829.077136,0,1.506666667,93,8,94,896.5075846,1793.015169,134.1647059,0,0,16.52431663,36.0619666,1815.517136,0.997001484,0.905707031,0.75899603,0.002998516,0.012441772,0.0318,0.295124859,0.418604651,0.795210814,0.223546781,0.927564724,0.014458673,0.059993504,0.266650436,0.150403427,0.040105139,0.849596573,0.733349564,0.980284065,0.718890891,0.019715935,0.094292969,0.940006496,0.295124859,0.24100397,0.371127823,117.5899744,119.0966411,235.1799488,282.5179448,0.628612109,1,0.709831723,0.371127823,1247.070447,2494.140893,0.371127823,TRUE,0.223800164,0.039562128,0.619878062,0.20624721,5.472442558,0.004388239,113.8506132,2,0.001253878,0.000884937,0.002998516,0.000884937,117.5899744,Wenk,0.019607843,37,12,0,43,210,213.82465,148566.9,146836.1983,85,300.5489281,601.0978562,2494.140893,3967.694639,159020.2,157546.6463,0.6675,0.222222222,140.0785,1.07765,172.93,0.9440375,0.070360895,0.065735674,0.002797263,557.0134991,4.285208632,"Old (5, 7, 9, 32 yrs)",0.149090483,0.126041576,0.005363471,0.725,-123.75,30569.22477,-38.39364865,63700.35431,3.00299925,0.667662316,0.034500315,1.306530612,80,10806.19116,134.9178242,17559.79264,0.020346939,1129.289756,4.973994794
51,Basin2005,PEPU,PEPU_001,end,7,38,70.73384518,66.57239715,4880.635317,11621.41777,6545.739476,1.550724638,1,1,8.21,6.14,12.98406527,895.9005034,2.826709868,195.0429809,2.21,1191.606549,6.988157895,482.1828947,19617.54993,32,10117.24874,2121.116589,62.38578203,0,2121.116589,0.157167198,76,7996.132156,23.32985974,2.07,840,808,0,314.1705882,251.7848062,6545.739476,4424.622886,7196.794887,4424.622886,3.918476667,10681.8,8560.683411,40,0.034,43,43,0,TRUE,7,107,1,3216.315637,46.6132701,47.75934638,11.13650981,1,6.850914939,38,472.7131308,56.29089491,3884.071749,107,4451.976849,17.26966013,1191.606549,5.307524299,0,0,0,107,6.133150328,423.1873726,0,201.6859234,567.9051,5.828985507,768.4191766,623.7014493,0.961573021,0.905001289,0.176508528,0.038426979,0.046663481,0.4045,0.366854929,0.516853933,0.592399041,0.633672082,0.769494407,0.151392411,0.183842112,0.765232058,0.121705561,0.093132997,0.878294439,0.234767942,0.355140187,0.083375531,0.644859813,0.094998711,0.816157888,0.258731509,0.823491472,0.619269957,6.988157895,6.988157895,482.1828947,49.43997997,0.334081661,0.705269273,0.457407988,0.619269957,73.56055505,5075.678298,0.436752073,TRUE,0.424966072,0.044230269,0.196358075,0.424966072,20.15879502,0.274043542,4.161448026,69,0.013234994,0.00994227,0.027101367,0.00994227,6.988157895,Henery,0.644859813,59,16,0,89,235,52.93905635,12753.1,4756.967844,0,60.57648978,4179.777795,7196.794887,15192.92704,23434.9,13317.65126,0.6575,0.644859813,154.369,1.20275,132.8361111,1.055844444,0.837584587,0.455807364,0.013406099,604.8913246,4.712947811,"Old (5, 7, 9, 32 yrs)",0.840374401,0.451378495,0.013275838,1.441904762,29.85714286,5488.708707,35.33021694,9967.784306,2.607257489,0.587628333,0.023980619,0.983821138,63.26829268,4766.612303,28.20874711,7734.157591,0.02973503,434.4576231,3.99442197
52,Waratah2011,PEPU,PEPU_151,end,2.4,0,0,0,0,985.3127311,985.3127311,0,0,1,2.693333333,2.103333333,0,0,0,0,2.21,0,0,0,1132.630071,41,1132.630071,985.3127311,33.89789097,0,985.3127311,0.869933402,40,147.3173402,2.222702982,0.59,96,55,0,56.73772399,22.83983302,985.3127311,0,985.3127311,0,4.216616667,1649.2,663.8872689,40,0.029067081,20,20,0,FALSE,7,0,1,0,0,0,0,0,0,0,0,0,0,0,0,0,0,0,0,0,0,0,0,0,0,0,0,0,0,0,1,1,1,0,0,0.4045,0.869933402,0,0.869933402,0,0,0,0,0,1,0,0,0,1,0,0,0,1,0,0,1,0,0,0,0,0,0,0.869933402,1,0,0,0,FALSE,0,0,0,0,0,0,0,0,0,0,0,0,0,Henery,0,34,14,0,20,27,5.697313184,273.8,126.4826598,0,0,0,985.3127311,1132.630071,1923,790.3699287,0.6575,0,171.688,1.5278,132.8361111,1.055844444,6.023374726,0.857618305,0.029504797,723.9424823,6.442146943,"Young (1.4, 2.4 yrs)",5.380829562,0.837839185,0.028824332,0.544285714,75.42857143,630.8635806,17.67123565,692.6254855,2.607257489,0.587628333,0.023980619,0.983821138,63.26829268,4766.612303,28.20874711,7734.157591,0.02973503,434.4576231,3.99442197
53,Basin2007,PEPU,PEPU_401,end,5,63,192.2610218,188.5456432,2307.132262,4064.935895,1727.519086,6.25,1,1,4.143333333,2.843333333,71.70581602,860.4697923,2.523712273,30.28454727,2.21,666.743813,6.239090909,74.86909091,5301.502969,82,2277.787878,1041.220804,35.90416567,0,1041.220804,0.357839912,74,1236.567074,7.133509719,1.3,325,243,0,110.5413793,74.63721364,1727.519086,686.2982815,3378.637614,686.2982815,3.518540833,3205.7,2164.479196,40,0.029,28,28,0,TRUE,7,75,1,1339.98346,111.6652883,111.0108417,8.889917507,1,25.03374911,63,300.4049893,139.2227497,1670.672996,75,1900.242896,55.56198442,666.743813,3.060932,0,0,0,75,46.67206691,560.064803,0,192.838716,229.5699,5.828985507,106.6790101,437.173913,0.987043583,0.967969302,0.368128521,0.012956417,0.02050483,0.4045,0.637298071,0.317073171,0.766751602,0.573275359,0.907265761,0.045639703,0.072229409,0.714751853,0.179810765,0.128520077,0.820189235,0.285248147,0.84,0.239608443,0.16,0.032030698,0.927770591,0.44089701,0.631871479,0.831166272,6.239090909,6.239090909,74.86909091,114.1890006,0.506460053,0.69182229,0.587036077,0.831166272,194.7847341,2337.416809,0.575019353,TRUE,1.004860663,0.119108379,1.529920465,1.004860663,31.31704273,0.160777706,3.715378636,12,0.010113827,0.005712446,0.008963538,0.005712446,6.239090909,Henery,0.16,44,16,0,41,45,13.48309608,1735.8,499.2329263,0,123.0789181,1476.947017,3378.637614,4615.204687,4941.5,2663.712122,0.6575,0.16,NA,NA,NA,NA,1.846814149,0.648730143,0.022370005,NA,NA,"Old (5, 7, 9, 32 yrs)",1.844606636,0.637186669,0.021971954,1.236111111,55.66666667,2106.797647,31.11238887,3633.492798,2.607257489,0.587628333,0.023980619,0.983821138,63.26829268,4766.612303,28.20874711,7734.157591,0.02973503,434.4576231,3.99442197
54,Waratah2003,PEPU,PEPU_801,end,9,8,0,0,316.3154872,14001.74833,13685.43285,0,1,1,9.463333333,8.34,0,316.3154872,0,0,2.21,0,0,0,21201.56635,70,10074.08589,2874.26788,83.71654019,0,2874.26788,0.137621899,190,7199.818014,15.70723896,1.123333333,895,825,0,693.8126214,610.0960812,13685.43285,10811.16497,3190.583367,10811.16497,4.04059625,23820.9,20946.63212,40,0.034333333,15,15,0,TRUE,7,8,1,0,0,0,0,0,0,0,0,0,0,0,0,0,316.3154872,0,0,8,0,8,0,316.3154872,254.681734,0,0,0,0,316.3154872,1,1,1,0,0,0.4045,0.150488097,0.516129032,0.660411033,0,0,0,0,0,1,0,0,1,1,0,0,0,1,0.01491944,0,0.227870355,0,0,0,0,0.030443048,0.09914033,0.655267822,0.227870355,0,316.3154872,0.022591142,TRUE,0.013112689,0,0,0.013112689,0.518468315,0,0,0,0,0,0,0,0,Henery,0,47,32,0,31,185,70.33607945,20722.5,13522.68199,8,0,0,3190.583367,10390.40138,44543.4,34469.31411,0.6575,0,74.3055,0.8714,132.8361111,1.055844444,1.149518639,0.534779563,0.015576104,300.2385247,3.520975572,"Old (5, 7, 9, 32 yrs)",0.892851129,0.465023556,0.013544375,1.242380952,95.42857143,8465.972248,50.07725791,14793.61181,2.607257489,0.587628333,0.023980619,0.983821138,63.26829268,4766.612303,28.20874711,7734.157591,0.02973503,434.4576231,3.99442197
55,Basin1981,PEPU,PEPU_901,end,32,41,236.3978678,232.7653178,1891.182942,10617.23275,8706.31021,6.125,1,1,12.38333333,10.34333333,73.39633226,587.1706581,2.46745,19.7396,2.21,497.3002899,6.1,48.8,36033.85471,-52,25485.46687,68.8449134,1.735586052,0,68.8449134,0.00259454,25,25416.62195,36.41294381,2.04,1605,1657,0,347.9042017,346.1686156,8706.31021,8637.465296,1979.767456,8637.465296,4.26572,13800.2,13731.35509,40,0.039666667,23,23,0,TRUE,7,49,1,1222.8204,152.85255,153.54,10.14898551,1,21.38278154,41,171.0622523,176.7027815,1413.622252,49,1625.302252,62.16253623,497.3002899,4.32,0,0,0,49,52.01355072,416.1084058,0,177.12,211.68,5.828985507,81.19188406,285.6202899,0.98967012,0.974462597,0.307270779,0.01032988,0.014911858,0.4045,0.054941873,0.629032258,0.294646044,0.639911024,0.923753473,0.042488318,0.061334669,0.739759054,0.121009875,0.089518151,0.878990125,0.260240946,0.836734694,0.217752628,0.163265306,0.025537403,0.938665331,0.053031311,0.692729221,0.186467369,6.1,6.1,48.8,155.32,0.06975089,0.965225758,0.255576068,0.186467369,238.8653178,1910.922542,0.179983107,TRUE,0.141549516,0.029318041,0.448683078,0.141549516,5.520207367,0.023110125,3.63255,8,0.00057815,0.000547807,0.009970666,0.000547807,6.1,Henery,0.163265306,31,8,0,62,30,120.4384085,55906.6,30489.97805,0,165.4689855,1323.751884,1979.767456,27396.38941,69706.8,44221.33313,0.6575,0.163265306,92.021,1.2533,132.8361111,1.055844444,0.246843843,0.197974946,0.004990965,392.5358201,5.346226876,"Old (5, 7, 9, 32 yrs)",0.265071464,0.207731375,0.005236925,0.896111111,67.16666667,12720.26549,1.801304701,18646.04272,2.607257489,0.587628333,0.023980619,0.983821138,63.26829268,4766.612303,28.20874711,7734.157591,0.02973503,434.4576231,3.99442197
56,Basin2005,PHPH,PHPH_001,end,7,191,149.3299931,148.2808316,746.6499653,2901.045333,2147.421731,39.2,0,1.764250843,5.656666667,4.616666667,143.3640655,716.8203275,1.394727389,6.973636944,1.7127,700.7194794,4.016666667,20.08333333,5404.702901,105,2768.065607,264.4080395,13.67627791,0,264.4080395,0.058260754,75,2503.657568,8.391403417,1.04,630,525,0,232.6913793,219.0151014,2147.421731,1883.013691,1018.031642,1883.013691,0.162343832,4498.7,4234.29196,32,0.019333333,229.3526096,0,130,TRUE,2.4,196,2,11.95414083,2.390828167,1.341666667,3.575099385,0.275510204,7.072602339,49,35.3630117,10.85815789,54.29078947,54,66.77078947,139.8665625,699.3328127,0,0.231111111,142,0,196,136.2914632,681.4573158,0,0,0,3.343988274,17.87549692,686.8528127,0.990746525,0.983785746,0.951164912,0.009253475,0.189484142,0.5707,0.188360334,0.444705681,0.536763146,0.015862217,0.32481188,0.023719396,0.485703978,0.072039662,0.651363004,0.046923971,0.348636996,0.927960338,0.974439213,0.904240942,0.025560787,0.016214254,0.514296022,0.139438488,0.048835088,0.350918902,2.443888889,2.675,12.21944444,3.785555556,0.21399492,0.740275225,0.462509851,0.350918902,150.7247204,753.6236022,0.259776569,TRUE,0.894915459,0.016323529,0.01728445,0.894915459,3.440966387,0.022829476,1.0491615,5,0.001497114,0.001290291,0.006850118,0.001290291,2.443888889,Wenk,0.025510204,361.6714228,132.3188132,0,413.0289144,195,25.13107444,5801.3,3297.642432,142,7.36065494,36.8032747,1018.031642,3521.689209,10300,7531.934393,0.85,0.092592593,115.796,1.2456,133.2075714,1.2872,0.77546412,0.43676699,0.022591396,18.79876638,0.202215477,"Old (5, 7, 9, 32 yrs)",0.980377103,0.473700903,0.024501771,1.236666667,31,4009.049418,20.18893596,7209.100486,0.823329865,0.416534395,0.024074561,0.934019608,25.58823529,3099.392381,20.45452524,5448.151282,0.017421569,20.60335951,0.174025451
57,Waratah2011,PHPH,PHPH_161,end,2.4,0,0,0,0,2472.28682,2472.28682,0,0,1.764250843,5.283333333,2.91,0,0,0,0,1.7127,0,0,0,5122.358224,145,4535.734601,1885.663196,121.6556901,0,1885.663196,0.368124038,133,2650.071405,15.27246871,2.373333333,455,310,0,255.3806452,133.7249551,2472.28682,586.6236237,1885.663196,586.6236237,0.140006094,3958.4,2072.736804,32,0.0155,268.1661281,0,152,FALSE,2.4,0,2,0,0,0,0,0,0,0,0,0,0,0,0,0,0,0,0,0,0,0,0,0,0,0,0,0,0,0,1,1,1,0,0,0.5707,0.368124038,0.283018868,0.482646217,0,0,0,0,0,1,0,0,0,1,0,0,0,1,0,0,0.76272024,0,0,0,0,0,0,0.482646217,0.76272024,0,0,0,FALSE,0,0,0,0,0,0,0,0,0,0,0,0,0,Wenk,0,502.8114903,234.6453621,0,374.0211787,252,21.9232989,3273.6,623.5285954,0,0,0,1885.663196,4535.734601,7232,2696.265399,0.85,0,271.444,0.7361,133.2075714,1.2872,1.209188661,0.547345133,0.035312589,38.00381411,0.103058486,"Young (1.4, 2.4 yrs)",1.28542484,0.55360314,0.035716332,1.549444444,154,2703.831696,72.76373197,3079.741974,0.823329865,0.416534395,0.024074561,0.934019608,25.58823529,3099.392381,20.45452524,5448.151282,0.017421569,20.60335951,0.174025451
58,Basin2005,PILI,PILI_001,end,7,59,22.10071206,21.8328193,154.7049844,264.4134142,108.4820427,9.428571429,0,0.404928907,3.623333333,3.383333333,19.10299053,133.7209337,0.175198145,1.226387018,0.72,150.3586989,1.160757576,8.12530303,366.029868,15,90.65203427,-10.96441957,-1.154149428,-10.96441957,0,0.005803325,28,101.6164538,1.320725552,0.24,235,220,4,11.76842105,12.92257048,108.4820427,108.4820427,144.9669519,119.4464623,0.139314792,111.8,122.7644196,7,0.0095,1,1,0,TRUE,1.4,66,1,5.036916012,0.71955943,0.451666667,2.278162105,0.590163934,0.830042724,29,5.810299065,1.724800299,12.0736021,36,21.6496021,20.55110991,143.8577694,0,0.266,30,5,61,18.2729478,127.9106346,4.889880952,0,0,2.012162105,15.94713474,134.2817694,0.992135085,0.980108965,0.857562737,0.007864915,0.055216697,0.3954,0.426007234,0.972972973,0.722382071,0.032302134,0.226781483,0.102270214,0.71800182,0.077428948,0.4812399,0.037261899,0.5187601,0.922571052,0.889146517,0.820300838,0.110853483,0.019891035,0.28199818,0.426007234,0.142437263,0.589725646,0.443090909,0.709090909,3.101636364,0.894757576,0.632367661,1,0.519145819,0.589725646,22.27591021,155.9313715,0.589725646,TRUE,5.107343009,0.176293262,0.069239907,4.720423084,12.06659091,0.541687895,0.267892764,7,0.005803325,0.003350511,0.007864915,0.003350511,0.443090909,Wenk,0.106060606,22,21,0,37,132,10.31113469,829.3,727.6835462,25,3.172919681,22.21043777,155.9313715,246.5834057,941.1,850.4479657,0.8425,0.194444444,473.708,1.545,298.3522,1.20306,0.134812492,0.118797152,0.012504963,65.99453133,0.215241353,"Old (5, 7, 9, 32 yrs)",0.089714095,0.081185535,0.008545846,0.24984127,-40.71428571,122.0733285,-0.749916923,282.6883887,0.759597046,0.367161936,0.047132115,0.732908497,105.9705882,261.5005218,3.628238673,480.4304585,0.008573529,38.47150843,0.156085816
59,Waratah2011,PILI,PILI_102,end,1.4,0,0,0,0,24.5,24.5,0,0,0.404928907,0.826666667,0.28,0,0,0,0,0.72,0,0,0,51.91814349,26,35.72826593,8.310122443,1.187160349,0,8.310122443,0.160062011,33,27.41814349,0.475148436,0.546666667,60,34,0,3.5,2.312839651,24.5,16.18987756,8.310122443,16.18987756,0.118183211,24.5,16.18987756,7,0.007,0,0,0,FALSE,1.4,0,1,0,0,0,0,0,0,0,0,0,0,0,0,0,0,0,0,0,0,0,0,0,0,0,0,0,0,0,1,1,1,0,0,0.3954,0.160062011,1,0.471896689,0,0,0,0,0,1,0,0,0,1,0,0,0,1,0,0,0.339188671,0,0,0,0,0,0,0.471896689,0.339188671,0,0,0,FALSE,0,0,0,0,0,0,0,0,0,0,0,0,0,Wenk,0,19,19,0,22,34,0.536723652,28.1,0.681856508,0,0,0,8.310122443,35.72826593,52.6,16.87173407,0.8425,0,219.799,1.1285,298.3522,1.20306,0.871886121,0.465779468,0.066539924,25.97655153,0.133369753,"Young (1.4, 2.4 yrs)",1.298086307,0.547344829,0.078192118,0.861111111,203.3333333,286.7148332,11.28229709,439.1602097,0.759597046,0.367161936,0.047132115,0.732908497,105.9705882,261.5005218,3.628238673,480.4304585,0.008573529,38.47150843,0.156085816
60,Waratah2011,PILI,PILI_151,end,2.4,0,0,0,0,223.3126246,223.3126246,0,0,0.404928907,1.6,0.77,0,0,0,0,0.72,0,0,0,555.9253716,140,300.4768672,-32.13587975,-3.060559977,-32.13587975,0,0,205,332.6127469,1.544956727,0.83,385,245,0,23.2952381,26.35579807,223.3126246,223.3126246,-32.13587975,255.4485044,0.129997,244.6,276.7358798,7,0.0105,8,8,0,FALSE,1.4,0,1,0,0,0,0,0,0,0,0,0,0,0,0,0,0,0,0,0,0,0,0,0,0,0,0,0,0,0,1,1,1,0,0,0.3954,0,0.923076923,0.401695328,0,0,0,0,0,1,0,0,0,1,0,0,0,1,0,0,0,0,0,0,0,0,0,0.401695328,0,0,0,0,FALSE,0,0,0,0,0,0,0,0,0,0,0,0,0,Wenk,0,85,77,0,104,245,2.010619298,378.7,46.08725305,0,0,0,0,300.4768672,623.3,322.8231328,0.8425,0,289.2275,1.10665,298.3522,1.20306,0.645893847,0.392427403,0.037374038,37.59870732,0.14386118,"Young (1.4, 2.4 yrs)",0.527895429,0.336065075,0.032006198,0.868333333,77.5,253.2380011,-2.476221583,482.6998593,0.759597046,0.367161936,0.047132115,0.732908497,105.9705882,261.5005218,3.628238673,480.4304585,0.008573529,38.47150843,0.156085816
61,Basin2005,PUTU,PUTU_001,end,7,152,192.8581091,192.212686,771.4324363,2207.020818,1432.462154,39,0,1.377173814,4.436666667,3.43,186.9526636,747.8106545,0.781556946,3.126227784,1.274,678.9580411,2.447727273,9.790909091,4487.530942,105,2215.455174,-65.05494961,-6.255283616,-65.05494961,0,0.000841266,125,2280.510124,6.219655322,1.006666667,680,575,0,226.75,233.0052836,1432.462154,1432.462154,709.5037145,1497.517104,0.2085725,2358.2,2423.25495,32,0.0104,140.471729,0,102,TRUE,2.4,156,2,6.212601307,1.553150327,0.907727273,4.352295136,0.538461538,22.80866847,80,91.23467389,25.14337574,100.573503,84,110.067183,168.4962903,673.9851611,0,0.11302,72,0,156,164.1439951,656.5759806,0,0,0,4.239275136,17.40918054,664.4914811,0.995963859,0.992630745,0.965466774,0.004036141,0.116877025,0.5477,0.172602412,0.617977528,0.491811833,0.008020827,0.23226406,0.022476258,0.650858916,0.129846205,0.90714424,0.117789237,0.09285576,0.870153795,0.974169787,0.847677537,0.025830213,0.007369255,0.349141084,0.172602412,0.034533226,0.350952133,1.42698,1.54,5.70792,2.334707273,0.259048522,1,0.386316019,0.350952133,193.639666,774.5586641,0.350952133,TRUE,0.669512715,0.018678955,0.010019976,0.669512715,3.324210731,0.017166993,0.645423054,4,0.000841266,0.000696648,0.004036141,0.000696648,1.42698,Wenk,0.025641026,312.6184557,172.1467267,0,367.7054082,172,15.45978617,4383.4,2102.889876,72,6.687002408,26.74800963,774.5586641,2990.013838,6741.6,4526.144826,0.886666667,0.047619048,103.596,1.1765,104.5506667,1.117711111,0.537984213,0.349798267,0.033634449,21.60727671,0.245385546,"Old (5, 7, 9, 32 yrs)",0.564151221,0.357390037,0.034364427,0.619047619,41,1645.791707,-7.198384884,4013.322031,0.897954729,0.416277706,0.046388874,1.230833333,116.34,2237.335539,61.32655893,3638.524784,0.010050667,26.72266665,0.255949098
62,Waratah2011,PUTU,PUTU_101,end,1.4,0,0,0,0,1833.349147,1833.349147,0,0,1.377173814,4.24,1.13,0,0,0,0,1.274,0,0,0,3340.145294,256,2828.995797,1322.199649,176.2932866,0,1322.199649,0.395850938,245,1506.796148,13.11669911,3.11,340,84,0,254.2,77.90671343,1833.349147,511.1494973,1322.199649,511.1494973,0.228550694,1906.5,584.3003507,32,0.0075,20,20,0,FALSE,2.4,0,2,0,0,0,0,0,0,0,0,0,0,0,0,0,0,0,0,0,0,0,0,0,0,0,0,0,0,0,1,1,1,0,0,0.5477,0.395850938,0.874806076,0.548883053,0,0,0,0,0,1,0,0,0,1,0,0,0,1,0,0,0.721193588,0,0,0,0,0,0,0.548883053,0.721193588,0,0,0,FALSE,0,0,0,0,0,0,0,0,0,0,0,0,0,Wenk,0,357.4075843,337.4075843,0,159.7521624,116,14.11957402,1530.3,23.50385239,0,0,0,1322.199649,2828.995797,3436.8,607.8042031,0.886666667,0,143.944,1.038,104.5506667,1.117711111,1.24583415,0.554731145,0.073964153,32.89850116,0.237235621,"Young (1.4, 2.4 yrs)",1.62060006,0.613902012,0.081853602,1.989270833,214.5,2429.441,168.032284,2932.557331,0.897954729,0.416277706,0.046388874,1.230833333,116.34,2237.335539,61.32655893,3638.524784,0.010050667,26.72266665,0.255949098
63,Waratah2011,PUTU,PUTU_151,end,2.4,0,0,0,0,618.7531869,618.7531869,0,0,1.377173814,3.053333333,1.796666667,0,0,0,0,1.274,0,0,0,1288.3777,85,956.8289391,287.2044263,29.30657411,0,287.2044263,0.222919433,85,669.6245128,4.786870906,1.256666667,282,197,0,97.48979592,68.1832218,618.7531869,331.5487605,287.2044263,331.5487605,0.31361482,955.4,668.1955737,32,0.0098,112.4021669,16,70,FALSE,2.4,0,2,0,0,0,0,0,0,0,0,0,0,0,0,0,0,0,0,0,0,0,0,0,0,0,0,0,0,0,1,1,1,0,0,0.5477,0.222919433,0.496185209,0.480257604,0,0,0,0,0,1,0,0,0,1,0,0,0,1,0,0,0.464166379,0,0,0,0,0,0,0.480257604,0.464166379,0,0,0,FALSE,0,0,0,0,0,0,0,0,0,0,0,0,0,Wenk,0,229.4619411,117.0597742,0,223.1021578,102,7.322144904,829.7,160.0754872,0,0,0,287.2044263,956.8289391,1785.1,828.2710609,0.886666667,0,98.1275,1.2935,104.5506667,1.117711111,1.151500542,0.535208112,0.054613073,30.77423826,0.40566077,"Young (1.4, 2.4 yrs)",1.082562431,0.515403403,0.052592184,1.239047619,152.4285714,2142.182879,73.82208492,2993.562132,0.897954729,0.416277706,0.046388874,1.230833333,116.34,2237.335539,61.32655893,3638.524784,0.010050667,26.72266665,0.255949098
64,Basin2007,PUTU,PUTU_401,end,5,40,96.8059234,96.03611785,193.6118468,435.8455618,240.3693662,21,0,1.377173814,2.57,2.45,90.90382271,181.8076454,0.932174446,1.864348892,1.274,182.7963957,2.595,5.19,556.0316912,60,129.3649818,9.178852477,0.767035026,0,9.178852477,0.030470741,57,120.1861293,0.473123854,0.12,413,353,0,26.32311978,25.55608475,240.3693662,231.1905137,204.6550482,231.1905137,0.205891673,315,305.8211475,32,0.011966667,33.54347627,6,20,TRUE,2.4,42,2,3.099611108,1.549805554,0.78,4.352295136,0.119047619,4.14047,3,8.28094,6.62245,13.2449,5,13.81,91.11564785,182.2312957,0,0.11302,37,0,42,86.76335271,173.5267054,0,0,0,4.239275136,8.704590271,181.6661957,0.990462527,0.98258632,0.930075628,0.009537473,0.136396974,0.5477,0.36806364,0.755966406,0.783850217,0.015856719,0.226769558,0.04453018,0.636833468,0.067757099,0.625217253,0.042362908,0.374782747,0.932242901,0.952233286,0.88771272,0.047766714,0.01741368,0.363166532,0.351555853,0.069924372,0.469558637,1.70198,1.815,3.40396,2.48198,0.601759288,0.955149641,0.668378729,0.469558637,97.73809785,195.4761957,0.448498764,TRUE,1.643444229,0.170303674,0.097118945,1.643444229,7.648910136,0.078259249,0.769805554,2,0.005144169,0.003352954,0.009109714,0.003352954,1.70198,Wenk,0.047619048,98.27064551,64.72716924,0,137.4543385,129,5.187476329,884.4,764.2138707,37,6.834275136,13.66855027,204.6550482,324.8411775,1199.4,1070.035018,0.886666667,0.4,NA,NA,NA,NA,0.356173677,0.262631316,0.021946907,NA,NA,"Old (5, 7, 9, 32 yrs)",0.676842522,0.396018655,0.033093481,0.867142857,69.42857143,1212.001389,3.177194743,2452.315216,0.897954729,0.416277706,0.046388874,1.230833333,116.34,2237.335539,61.32655893,3638.524784,0.010050667,26.72266665,0.255949098
65,Waratah2003,PUTU,PUTU_801,end,9,239,353.1774503,352.4521209,1059.532351,3573.192606,2511.025303,80.66666667,0,1.377173814,5.013333333,4.506666667,347.3598258,1042.079477,0.878317279,2.634951838,1.274,1053.255423,2.456666667,7.37,6376.82408,85,2598.852639,-204.7788351,-16.04011763,-204.7788351,0,0.000495544,110,2803.631475,3.788341861,0.506666667,880,795,0,314.0522193,330.092337,2511.025303,2511.025303,857.3884677,2715.804138,0.195680982,4009.4,4214.178835,32,0.012766667,110.1739051,0,80,TRUE,2.4,242,2,4.395988162,1.465329387,0.74,4.352295136,0.012396694,0.74,0,2.22,3.083646667,9.25094,3,9.59,350.9721209,1052.916363,0,0.11302,239,0,242,346.6198258,1039.859477,0,0,0,4.239275136,13.05688541,1052.577303,0.997519269,0.995470638,0.981087889,0.002480731,0.131171582,0.5477,0.166566819,0.644444444,0.560340471,0.004138697,0.218838429,0.012292682,0.649989989,0.008709494,0.239975613,0.002090066,0.760024387,0.991290506,0.987599314,0.978997823,0.012400686,0.004529362,0.350010011,0.166566819,0.018912111,0.297260019,1.603646667,1.716666667,4.81094,2.343646667,0.290128795,1,0.472733185,0.297260019,354.0557676,1062.167303,0.297260019,TRUE,0.733128198,0.013185084,0.007099973,0.733128198,3.21778843,0.009088366,0.725329387,3,0.000495544,0.000413208,0.002480731,0.000413208,1.603646667,Wenk,0.012396694,241.0054174,130.8315123,0,309.8641081,225,19.73981347,10821.2,8017.568525,239,6.695941802,20.08782541,1062.167303,3661.019942,14830.6,12231.74736,0.886666667,1,109.6715,1.122,104.5506667,1.117711111,0.370513437,0.270346446,0.021175962,21.46062683,0.219554062,"Old (5, 7, 9, 32 yrs)",0.319778272,0.241125087,0.018887082,1.186190476,37.14285714,3364.124852,-12.85298881,6476.757073,0.897954729,0.416277706,0.046388874,1.230833333,116.34,2237.335539,61.32655893,3638.524784,0.010050667,26.72266665,0.255949098
66,Basin1981,PUTU,PUTU_902,end,32,289,189.9105088,189.2168314,1329.373562,3387.755099,2052.501613,42.28571429,0,1.377173814,6.37,5.93,183.7245363,1286.071754,0.839989135,5.879923943,1.274,1288.27936,2.786686486,19.50680541,7404.149291,40,3907.452197,-108.9419952,-9.612528987,-108.9419952,0,0.000967924,40,4016.394192,4.25057486,0.44,1410,1370,0,286.4558824,296.0684113,2052.501613,2052.501613,1226.31149,2161.443609,0.20243072,3246.5,3355.441995,32,0.011333333,80.85869068,12,50,TRUE,2.4,296,2,12.83574146,1.833677352,1.14,4.352295136,0.064189189,4.279108571,12,29.95376,6.952775058,48.66942541,19,50.81680541,183.7977229,1286.58406,0,0.11302,277,0,296,179.4454277,1256.117994,0,0,0,4.239275136,30.46606595,1284.43668,0.995596399,0.99195983,0.963166746,0.004403601,0.119555042,0.5477,0.180338542,0.644160624,0.457548189,0.009612962,0.260985962,0.022816691,0.619458996,0.036449578,0.615453331,0.022433014,0.384546669,0.963550422,0.97632019,0.940733732,0.02367981,0.00804017,0.380541004,0.180338542,0.036833254,0.394141089,1.533666486,1.646686486,10.73566541,2.673666486,0.254687859,1,0.338840746,0.394141089,190.7504979,1335.253486,0.394141089,TRUE,0.999768934,0.014700302,0.00903057,0.999768934,4.509949168,0.023643184,0.693677352,7,0.000967924,0.000794139,0.004403601,0.000794139,1.533666486,Wenk,0.023648649,135.9456432,55.08695254,0,227.2336792,325,31.86902274,22141.5,18125.10581,277,7.025961622,49.18173135,1335.253486,5242.705682,25388,21480.5478,0.886666667,0.368421053,87.111,0.9187,104.5506667,1.117711111,0.146625116,0.127875374,0.011283121,17.63394246,0.185973103,"Old (5, 7, 9, 32 yrs)",0.077465727,0.070315472,0.006204306,0.388888889,47.5,2407.83586,-3.470656418,3791.276549,0.897954729,0.416277706,0.046388874,1.230833333,116.34,2237.335539,61.32655893,3638.524784,0.010050667,26.72266665,0.255949098
